,ticker,timestamp,close
0,HNXINDEX,2023-01-03 00:00,212.56
1,HNXINDEX,2023-01-04 00:00,213.06
2,HNXINDEX,2023-01-05 00:00,213.11
3,HNXINDEX,2023-01-06 00:00,210.65
4,HNXINDEX,2023-01-09 00:00,209.67
5,HNXINDEX,2023-01-10 00:00,210.63
6,HNXINDEX,2023-01-11 00:00,211.67
7,HNXINDEX,2023-01-12 00:00,211.94
8,HNXINDEX,2023-01-13 00:00,211.26
9,HNXINDEX,2023-01-16 00:00,210.88
10,HNXINDEX,2023-01-17 00:00,215.15
11,HNXINDEX,2023-01-18 00:00,217.73
12,HNXINDEX,2023-01-19 00:00,219.87
13,HNXINDEX,2023-01-27 00:00,220.76
14,HNXINDEX,2023-01-30 00:00,220.78
15,HNXINDEX,2023-01-31 00:00,222.43
16,HNXINDEX,2023-02-01 00:00,216.01
17,HNXINDEX,2023-02-02 00:00,215.31
18,HNXINDEX,2023-02-03 00:00,215.28
19,HNXINDEX,2023-02-06 00:00,214.47
20,HNXINDEX,2023-02-07 00:00,210.0
21,HNXINDEX,2023-02-08 00:00,210.62
22,HNXINDEX,2023-02-09 00:00,210.91
23,HNXINDEX,2023-02-10 00:00,208.5
24,HNXINDEX,2023-02-13 00:00,204.49
25,HNXINDEX,2023-02-14 00:00,204.86
26,HNXINDEX,2023-02-15 00:00,207.97
27,HNXINDEX,2023-02-16 00:00,210.84
28,HNXINDEX,2023-02-17 00:00,209.95
29,HNXINDEX,2023-02-20 00:00,215.83
30,HNXINDEX,2023-02-21 00:00,214.08
31,HNXINDEX,2023-02-22 00:00,209.96
32,HNXINDEX,2023-02-23 00:00,209.31
33,HNXINDEX,2023-02-24 00:00,207.32
34,HNXINDEX,2023-02-27 00:00,203.27
35,HNXINDEX,2023-02-28 00:00,202.38
36,HNXINDEX,2023-03-01 00:00,206.83
37,HNXINDEX,2023-03-02 00:00,206.14
38,HNXINDEX,2023-03-03 00:00,204.89
39,HNXINDEX,2023-03-06 00:00,206.56
40,HNXINDEX,2023-03-07 00:00,207.5
41,HNXINDEX,2023-03-08 00:00,208.68
42,HNXINDEX,2023-03-09 00:00,209.03
43,HNXINDEX,2023-03-10 00:00,207.86
44,HNXINDEX,2023-03-13 00:00,205.85
45,HNXINDEX,2023-03-14 00:00,202.55
46,HNXINDEX,2023-03-15 00:00,207.01
47,HNXINDEX,2023-03-16 00:00,204.19
48,HNXINDEX,2023-03-17 00:00,204.47
49,HNXINDEX,2023-03-20 00:00,201.62
50,HNXINDEX,2023-03-21 00:00,203.11
51,HNXINDEX,2023-03-22 00:00,203.96
52,HNXINDEX,2023-03-23 00:00,203.32
53,HNXINDEX,2023-03-24 00:00,205.72
54,HNXINDEX,2023-03-27 00:00,206.67
55,HNXINDEX,2023-03-28 00:00,205.76
56,HNXINDEX,2023-03-29 00:00,205.59
57,HNXINDEX,2023-03-30 00:00,205.95
58,HNXINDEX,2023-03-31 00:00,207.5
59,HNXINDEX,2023-04-03 00:00,210.48
60,HNXINDEX,2023-04-04 00:00,210.73
61,HNXINDEX,2023-04-05 00:00,212.58
62,HNXINDEX,2023-04-06 00:00,211.43
63,HNXINDEX,2023-04-07 00:00,211.6
64,HNXINDEX,2023-04-10 00:00,212.0
65,HNXINDEX,2023-04-11 00:00,212.34
66,HNXINDEX,2023-04-12 00:00,211.94
67,HNXINDEX,2023-04-13 00:00,209.84
68,HNXINDEX,2023-04-14 00:00,207.25
69,HNXINDEX,2023-04-17 00:00,206.63
70,HNXINDEX,2023-04-18 00:00,208.25
71,HNXINDEX,2023-04-19 00:00,205.85
72,HNXINDEX,2023-04-20 00:00,206.61
73,HNXINDEX,2023-04-21 00:00,206.92
74,HNXINDEX,2023-04-24 00:00,206.76
75,HNXINDEX,2023-04-25 00:00,204.69
76,HNXINDEX,2023-04-26 00:00,205.84
77,HNXINDEX,2023-04-27 00:00,205.86
78,HNXINDEX,2023-04-28 00:00,207.48
79,HNXINDEX,2023-05-04 00:00,208.15
80,HNXINDEX,2023-05-05 00:00,207.8
81,HNXINDEX,2023-05-08 00:00,210.92
82,HNXINDEX,2023-05-09 00:00,211.95
83,HNXINDEX,2023-05-10 00:00,213.89
84,HNXINDEX,2023-05-11 00:00,214.41
85,HNXINDEX,2023-05-12 00:00,215.1
86,HNXINDEX,2023-05-15 00:00,214.33
87,HNXINDEX,2023-05-16 00:00,214.62
88,HNXINDEX,2023-05-17 00:00,212.86
89,HNXINDEX,2023-05-18 00:00,213.01
90,HNXINDEX,2023-05-19 00:00,213.91
91,HNXINDEX,2023-05-22 00:00,215.9
92,HNXINDEX,2023-05-23 00:00,215.79
93,HNXINDEX,2023-05-24 00:00,215.96
94,HNXINDEX,2023-05-25 00:00,216.78
95,HNXINDEX,2023-05-26 00:00,217.64
96,HNXINDEX,2023-05-29 00:00,220.31
97,HNXINDEX,2023-05-30 00:00,221.33
98,HNXINDEX,2023-05-31 00:00,222.81
99,HNXINDEX,2023-06-01 00:00,223.97
100,HNXINDEX,2023-06-02 00:00,226.03
101,HNXINDEX,2023-06-05 00:00,226.56
102,HNXINDEX,2023-06-06 00:00,228.72
103,HNXINDEX,2023-06-07 00:00,230.33
104,HNXINDEX,2023-06-08 00:00,226.78
105,HNXINDEX,2023-06-09 00:00,227.6
106,HNXINDEX,2023-06-12 00:00,229.37
107,HNXINDEX,2023-06-13 00:00,230.25
108,HNXINDEX,2023-06-14 00:00,228.91
109,HNXINDEX,2023-06-15 00:00,229.53
110,HNXINDEX,2023-06-16 00:00,228.44
111,HNXINDEX,2023-06-19 00:00,226.52
112,HNXINDEX,2023-06-20 00:00,228.77
113,HNXINDEX,2023-06-21 00:00,231.77
114,HNXINDEX,2023-06-22 00:00,231.91
115,HNXINDEX,2023-06-23 00:00,231.54
116,HNXINDEX,2023-06-26 00:00,231.01
117,HNXINDEX,2023-06-27 00:00,230.82
118,HNXINDEX,2023-06-28 00:00,230.25
119,HNXINDEX,2023-06-29 00:00,227.48
120,HNXINDEX,2023-06-30 00:00,227.32
121,HNXINDEX,2023-07-03 00:00,226.6
122,HNXINDEX,2023-07-04 00:00,228.76
123,HNXINDEX,2023-07-05 00:00,227.84
124,HNXINDEX,2023-07-06 00:00,225.08
125,HNXINDEX,2023-07-07 00:00,225.82
126,HNXINDEX,2023-07-10 00:00,228.37
127,HNXINDEX,2023-07-11 00:00,229.22
128,HNXINDEX,2023-07-12 00:00,228.88
129,HNXINDEX,2023-07-13 00:00,229.97
130,HNXINDEX,2023-07-14 00:00,230.19
131,HNXINDEX,2023-07-17 00:00,230.95
132,HNXINDEX,2023-07-18 00:00,230.96
133,HNXINDEX,2023-07-19 00:00,231.47
134,HNXINDEX,2023-07-20 00:00,233.07
135,HNXINDEX,2023-07-21 00:00,234.98
136,HNXINDEX,2023-07-24 00:00,236.53
137,HNXINDEX,2023-07-25 00:00,236.93
138,HNXINDEX,2023-07-26 00:00,236.2
139,HNXINDEX,2023-07-27 00:00,235.64
140,HNXINDEX,2023-07-28 00:00,237.54
141,HNXINDEX,2023-07-31 00:00,239.55
142,HNXINDEX,2023-08-01 00:00,239.35
143,HNXINDEX,2023-08-02 00:00,241.31
144,HNXINDEX,2023-08-03 00:00,239.77
145,HNXINDEX,2023-08-04 00:00,242.41
146,HNXINDEX,2023-08-07 00:00,245.68
147,HNXINDEX,2023-08-08 00:00,246.07
148,HNXINDEX,2023-08-09 00:00,245.88
149,HNXINDEX,2023-08-10 00:00,243.91
150,HNXINDEX,2023-08-11 00:00,245.25
151,HNXINDEX,2023-08-14 00:00,250.44
152,HNXINDEX,2023-08-15 00:00,251.45
153,HNXINDEX,2023-08-16 00:00,252.56
154,HNXINDEX,2023-08-17 00:00,249.97
155,HNXINDEX,2023-08-18 00:00,235.96
156,HNXINDEX,2023-08-21 00:00,237.97
157,HNXINDEX,2023-08-22 00:00,239.65
158,HNXINDEX,2023-08-23 00:00,238.07
159,HNXINDEX,2023-08-24 00:00,243.23
160,HNXINDEX,2023-08-25 00:00,242.9
161,HNXINDEX,2023-08-28 00:00,244.88
162,HNXINDEX,2023-08-29 00:00,246.48
163,HNXINDEX,2023-08-30 00:00,247.96
164,HNXINDEX,2023-08-31 00:00,249.75
165,HNXINDEX,2023-09-05 00:00,252.28
166,HNXINDEX,2023-09-06 00:00,255.36
167,HNXINDEX,2023-09-07 00:00,256.14
168,HNXINDEX,2023-09-08 00:00,256.2
169,HNXINDEX,2023-09-11 00:00,251.33
170,HNXINDEX,2023-09-12 00:00,256.32
171,HNXINDEX,2023-09-13 00:00,256.11
172,HNXINDEX,2023-09-14 00:00,251.86
173,HNXINDEX,2023-09-15 00:00,252.76
174,HNXINDEX,2023-09-18 00:00,250.48
175,HNXINDEX,2023-09-19 00:00,250.22
176,HNXINDEX,2023-09-20 00:00,254.82
177,HNXINDEX,2023-09-21 00:00,251.87
178,HNXINDEX,2023-09-22 00:00,243.15
179,HNXINDEX,2023-09-25 00:00,231.5
180,HNXINDEX,2023-09-26 00:00,229.75
181,HNXINDEX,2023-09-27 00:00,235.84
182,HNXINDEX,2023-09-28 00:00,234.5
183,HNXINDEX,2023-09-29 00:00,236.35
184,HNXINDEX,2023-10-02 00:00,236.72
185,HNXINDEX,2023-10-03 00:00,226.68
186,HNXINDEX,2023-10-04 00:00,230.2
187,HNXINDEX,2023-10-05 00:00,228.01
188,HNXINDEX,2023-10-06 00:00,230.45
189,HNXINDEX,2023-10-09 00:00,233.55
190,HNXINDEX,2023-10-10 00:00,234.17
191,HNXINDEX,2023-10-11 00:00,237.0
192,HNXINDEX,2023-10-12 00:00,238.44
193,HNXINDEX,2023-10-13 00:00,239.05
194,HNXINDEX,2023-10-16 00:00,236.46
195,HNXINDEX,2023-10-17 00:00,230.03
196,HNXINDEX,2023-10-18 00:00,227.11
197,HNXINDEX,2023-10-19 00:00,223.45
198,HNXINDEX,2023-10-20 00:00,228.45
199,HNXINDEX,2023-10-23 00:00,226.26
200,HNXINDEX,2023-10-24 00:00,228.89
201,HNXINDEX,2023-10-25 00:00,227.01
202,HNXINDEX,2023-10-26 00:00,214.98
203,HNXINDEX,2023-10-27 00:00,218.04
204,HNXINDEX,2023-10-30 00:00,211.34
205,HNXINDEX,2023-10-31 00:00,206.17
206,HNXINDEX,2023-11-01 00:00,209.65
207,HNXINDEX,2023-11-02 00:00,217.97
208,HNXINDEX,2023-11-03 00:00,217.75
209,HNXINDEX,2023-11-06 00:00,219.59
210,HNXINDEX,2023-11-07 00:00,218.29
211,HNXINDEX,2023-11-08 00:00,227.03
212,HNXINDEX,2023-11-09 00:00,228.22
213,HNXINDEX,2023-11-10 00:00,226.65
214,HNXINDEX,2023-11-13 00:00,226.11
215,HNXINDEX,2023-11-14 00:00,227.43
216,HNXINDEX,2023-11-15 00:00,227.88
217,HNXINDEX,2023-11-16 00:00,229.56
218,HNXINDEX,2023-11-17 00:00,226.54
219,HNXINDEX,2023-11-20 00:00,227.77
220,HNXINDEX,2023-11-21 00:00,229.8
221,HNXINDEX,2023-11-22 00:00,230.49
222,HNXINDEX,2023-11-23 00:00,224.54
223,HNXINDEX,2023-11-24 00:00,226.1
224,HNXINDEX,2023-11-27 00:00,223.89
225,HNXINDEX,2023-11-28 00:00,224.39
226,HNXINDEX,2023-11-29 00:00,227.03
227,HNXINDEX,2023-11-30 00:00,226.15
228,HNXINDEX,2023-12-01 00:00,226.26
229,HNXINDEX,2023-12-04 00:00,231.31
230,HNXINDEX,2023-12-05 00:00,231.34
231,HNXINDEX,2023-12-06 00:00,233.63
232,HNXINDEX,2023-12-07 00:00,231.84
233,HNXINDEX,2023-12-08 00:00,231.2
234,HNXINDEX,2023-12-11 00:00,231.37
235,HNXINDEX,2023-12-12 00:00,231.71
236,HNXINDEX,2023-12-13 00:00,228.42
237,HNXINDEX,2023-12-14 00:00,227.23
238,HNXINDEX,2023-12-15 00:00,227.02
239,HNXINDEX,2023-12-18 00:00,225.73
240,HNXINDEX,2023-12-19 00:00,227.27
241,HNXINDEX,2023-12-20 00:00,228.16
242,HNXINDEX,2023-12-21 00:00,228.48
243,HNXINDEX,2023-12-22 00:00,228.27
244,HNXINDEX,2023-12-25 00:00,229.45
245,HNXINDEX,2023-12-26 00:00,231.26
246,HNXINDEX,2023-12-27 00:00,230.6
247,HNXINDEX,2023-12-28 00:00,231.35
248,HNXINDEX,2023-12-29 00:00,231.04
249,HNXINDEX,2024-01-02 00:00,229.99
250,HNXINDEX,2024-01-03 00:00,231.64
251,HNXINDEX,2024-01-04 00:00,232.56
252,HNXINDEX,2024-01-05 00:00,232.76
253,HNXINDEX,2024-01-08 00:00,233.33
254,HNXINDEX,2024-01-09 00:00,232.5
255,HNXINDEX,2024-01-10 00:00,231.41
256,HNXINDEX,2024-01-11 00:00,232.71
257,HNXINDEX,2024-01-12 00:00,230.31
258,HNXINDEX,2024-01-15 00:00,227.55
259,HNXINDEX,2024-01-16 00:00,229.5
260,HNXINDEX,2024-01-17 00:00,229.5
261,HNXINDEX,2024-01-18 00:00,229.93
262,HNXINDEX,2024-01-19 00:00,229.48
263,HNXINDEX,2024-01-22 00:00,229.77
264,HNXINDEX,2024-01-23 00:00,229.26
265,HNXINDEX,2024-01-24 00:00,228.53
266,HNXINDEX,2024-01-25 00:00,228.52
267,HNXINDEX,2024-01-26 00:00,229.43
268,HNXINDEX,2024-01-29 00:00,229.05
269,HNXINDEX,2024-01-30 00:00,230.66
270,HNXINDEX,2024-01-31 00:00,229.18
271,HNXINDEX,2024-02-01 00:00,230.57
272,HNXINDEX,2024-02-02 00:00,230.56
273,HNXINDEX,2024-02-05 00:00,230.28
274,HNXINDEX,2024-02-06 00:00,230.63
275,HNXINDEX,2024-02-07 00:00,231.04
276,HNXINDEX,2024-02-15 00:00,232.75
277,HNXINDEX,2024-02-16 00:00,233.04
278,HNXINDEX,2024-02-19 00:00,233.37
279,HNXINDEX,2024-02-20 00:00,233.5
280,HNXINDEX,2024-02-21 00:00,233.84
281,HNXINDEX,2024-02-22 00:00,234.01
282,HNXINDEX,2024-02-23 00:00,231.08
283,HNXINDEX,2024-02-26 00:00,232.86
284,HNXINDEX,2024-02-27 00:00,235.38
285,HNXINDEX,2024-02-28 00:00,235.16
286,HNXINDEX,2024-02-29 00:00,235.46
287,HNXINDEX,2024-03-01 00:00,236.43
288,HNXINDEX,2024-03-04 00:00,237.38
289,HNXINDEX,2024-03-05 00:00,237.35
290,HNXINDEX,2024-03-06 00:00,235.45
291,HNXINDEX,2024-03-07 00:00,237.37
292,HNXINDEX,2024-03-08 00:00,236.32
293,HNXINDEX,2024-03-11 00:00,233.84
294,HNXINDEX,2024-03-12 00:00,234.03
295,HNXINDEX,2024-03-13 00:00,238.2
296,HNXINDEX,2024-03-14 00:00,239.68
297,HNXINDEX,2024-03-15 00:00,239.54
298,HNXINDEX,2024-03-18 00:00,236.68
299,HNXINDEX,2024-03-19 00:00,236.16
300,HNXINDEX,2024-03-20 00:00,238.03
301,HNXINDEX,2024-03-21 00:00,241.14
302,HNXINDEX,2024-03-22 00:00,241.68
303,HNXINDEX,2024-03-25 00:00,240.81
304,HNXINDEX,2024-03-26 00:00,242.03
305,HNXINDEX,2024-03-27 00:00,242.85
306,HNXINDEX,2024-03-28 00:00,243.92
307,HNXINDEX,2024-03-29 00:00,242.58
308,HNXINDEX,2024-04-01 00:00,242.9
309,HNXINDEX,2024-04-02 00:00,245.9
310,HNXINDEX,2024-04-03 00:00,243.96
311,HNXINDEX,2024-04-04 00:00,242.44
312,HNXINDEX,2024-04-05 00:00,239.68
313,HNXINDEX,2024-04-08 00:00,238.08
314,HNXINDEX,2024-04-09 00:00,240.36
315,HNXINDEX,2024-04-10 00:00,238.79
316,HNXINDEX,2024-04-11 00:00,239.07
317,HNXINDEX,2024-04-12 00:00,241.34
318,HNXINDEX,2024-04-15 00:00,229.71
319,HNXINDEX,2024-04-16 00:00,228.83
320,HNXINDEX,2024-04-17 00:00,226.2
321,HNXINDEX,2024-04-19 00:00,220.8
322,HNXINDEX,2024-04-22 00:00,225.31
323,HNXINDEX,2024-04-23 00:00,222.63
324,HNXINDEX,2024-04-24 00:00,227.87
325,HNXINDEX,2024-04-25 00:00,227.57
326,HNXINDEX,2024-04-26 00:00,226.82
327,HNXINDEX,2024-05-02 00:00,227.49
328,HNXINDEX,2024-05-03 00:00,228.22
329,HNXINDEX,2024-05-06 00:00,232.29
330,HNXINDEX,2024-05-07 00:00,232.96
331,HNXINDEX,2024-05-08 00:00,234.52
332,HNXINDEX,2024-05-09 00:00,234.58
333,HNXINDEX,2024-05-10 00:00,235.68
334,HNXINDEX,2024-05-13 00:00,236.36
335,HNXINDEX,2024-05-14 00:00,236.95
336,HNXINDEX,2024-05-15 00:00,238.78
337,HNXINDEX,2024-05-16 00:00,240.02
338,HNXINDEX,2024-05-17 00:00,241.54
339,HNXINDEX,2024-05-20 00:00,242.57
340,HNXINDEX,2024-05-21 00:00,243.29
341,HNXINDEX,2024-05-22 00:00,245.15
342,HNXINDEX,2024-05-23 00:00,246.91
343,HNXINDEX,2024-05-24 00:00,241.72
344,HNXINDEX,2024-05-27 00:00,242.83
345,HNXINDEX,2024-05-28 00:00,245.58
346,HNXINDEX,2024-05-29 00:00,244.15
347,HNXINDEX,2024-05-30 00:00,244.01
348,HNXINDEX,2024-05-31 00:00,243.09
349,HNXINDEX,2024-06-03 00:00,244.72
350,HNXINDEX,2024-06-04 00:00,244.32
351,HNXINDEX,2024-06-05 00:00,244.49
352,HNXINDEX,2024-06-06 00:00,244.18
353,HNXINDEX,2024-06-07 00:00,244.99
354,HNXINDEX,2024-06-10 00:00,245.58
355,HNXINDEX,2024-06-11 00:00,246.41
356,HNXINDEX,2024-06-12 00:00,248.31
357,HNXINDEX,2024-06-13 00:00,248.36
358,HNXINDEX,2024-06-14 00:00,243.97
359,HNXINDEX,2024-06-17 00:00,243.16
360,HNXINDEX,2024-06-18 00:00,244.43
361,HNXINDEX,2024-06-19 00:00,243.57
362,HNXINDEX,2024-06-20 00:00,243.97
363,HNXINDEX,2024-06-21 00:00,244.36
364,HNXINDEX,2024-06-24 00:00,239.74
365,HNXINDEX,2024-06-25 00:00,240.19
366,HNXINDEX,2024-06-26 00:00,239.68
367,HNXINDEX,2024-06-27 00:00,240.07
368,HNXINDEX,2024-06-28 00:00,237.59
369,HNXINDEX,2024-07-01 00:00,238.56
370,HNXINDEX,2024-07-02 00:00,240.8
371,HNXINDEX,2024-07-03 00:00,241.43
372,HNXINDEX,2024-07-04 00:00,241.88
373,HNXINDEX,2024-07-05 00:00,242.31
374,HNXINDEX,2024-07-08 00:00,243.15
375,HNXINDEX,2024-07-09 00:00,245.66
376,HNXINDEX,2024-07-10 00:00,244.54
377,HNXINDEX,2024-07-11 00:00,245.39
378,HNXINDEX,2024-07-12 00:00,245.02
379,HNXINDEX,2024-07-15 00:00,244.84
380,HNXINDEX,2024-07-16 00:00,244.91
381,HNXINDEX,2024-07-17 00:00,240.9
382,HNXINDEX,2024-07-18 00:00,242.49
383,HNXINDEX,2024-07-19 00:00,240.52
384,HNXINDEX,2024-07-22 00:00,238.38
385,HNXINDEX,2024-07-23 00:00,234.6
386,HNXINDEX,2024-07-24 00:00,236.17
387,HNXINDEX,2024-07-25 00:00,235.25
388,HNXINDEX,2024-07-26 00:00,236.66
389,HNXINDEX,2024-07-29 00:00,237.52
390,HNXINDEX,2024-07-30 00:00,235.87
391,HNXINDEX,2024-07-31 00:00,235.36
392,HNXINDEX,2024-08-01 00:00,229.23
393,HNXINDEX,2024-08-02 00:00,231.56
394,HNXINDEX,2024-08-05 00:00,222.71
395,HNXINDEX,2024-08-06 00:00,226.46
396,HNXINDEX,2024-08-07 00:00,227.95
397,HNXINDEX,2024-08-08 00:00,226.73
398,HNXINDEX,2024-08-09 00:00,229.38
399,HNXINDEX,2024-08-12 00:00,230.77
400,HNXINDEX,2024-08-13 00:00,230.18
401,HNXINDEX,2024-08-14 00:00,229.68
402,HNXINDEX,2024-08-15 00:00,228.54
403,HNXINDEX,2024-08-16 00:00,235.15
404,HNXINDEX,2024-08-19 00:00,236.01
405,HNXINDEX,2024-08-20 00:00,237.31
406,HNXINDEX,2024-08-21 00:00,238.42
407,HNXINDEX,2024-08-22 00:00,238.47
408,HNXINDEX,2024-08-23 00:00,240.07
409,HNXINDEX,2024-08-26 00:00,238.97
410,HNXINDEX,2024-08-27 00:00,238.91
411,HNXINDEX,2024-08-28 00:00,238.23
412,HNXINDEX,2024-08-29 00:00,237.88
413,HNXINDEX,2024-08-30 00:00,237.56
414,HNXINDEX,2024-09-04 00:00,236.14
415,HNXINDEX,2024-09-05 00:00,234.96
416,HNXINDEX,2024-09-06 00:00,234.65
417,HNXINDEX,2024-09-09 00:00,233.46
418,HNXINDEX,2024-09-10 00:00,231.69
419,HNXINDEX,2024-09-11 00:00,231.45
420,HNXINDEX,2024-09-12 00:00,231.9
421,HNXINDEX,2024-09-13 00:00,232.42
422,HNXINDEX,2024-09-16 00:00,230.84
423,HNXINDEX,2024-09-17 00:00,232.3
424,HNXINDEX,2024-09-18 00:00,232.95
425,HNXINDEX,2024-09-19 00:00,233.77
426,HNXINDEX,2024-09-20 00:00,234.3
427,HNXINDEX,2024-09-23 00:00,233.38
428,HNXINDEX,2024-09-24 00:00,234.32
429,HNXINDEX,2024-09-25 00:00,235.84
430,HNXINDEX,2024-09-26 00:00,235.92
431,HNXINDEX,2024-09-27 00:00,235.71
432,HNXINDEX,2024-09-30 00:00,234.91
433,HNXINDEX,2024-10-01 00:00,236.05
434,HNXINDEX,2024-10-02 00:00,235.05
435,HNXINDEX,2024-10-03 00:00,233.35
436,HNXINDEX,2024-10-04 00:00,232.67
437,HNXINDEX,2024-10-07 00:00,232.47
438,HNXINDEX,2024-10-08 00:00,231.52
439,HNXINDEX,2024-10-09 00:00,231.77
440,HNXINDEX,2024-10-10 00:00,231.29
441,HNXINDEX,2024-10-11 00:00,231.37
442,HNXINDEX,2024-10-14 00:00,230.72
443,HNXINDEX,2024-10-15 00:00,228.95
444,HNXINDEX,2024-10-16 00:00,228.26
445,HNXINDEX,2024-10-17 00:00,230.12
446,HNXINDEX,2024-10-18 00:00,229.21
447,HNXINDEX,2024-10-21 00:00,227.43
448,HNXINDEX,2024-10-22 00:00,225.5
449,HNXINDEX,2024-10-23 00:00,226.5
450,HNXINDEX,2024-10-24 00:00,224.69
451,HNXINDEX,2024-10-25 00:00,224.63
452,HNXINDEX,2024-10-28 00:00,224.59
453,HNXINDEX,2024-10-29 00:00,225.56
454,HNXINDEX,2024-10-30 00:00,225.88
455,HNXINDEX,2024-10-31 00:00,226.36
456,HNXINDEX,2024-11-01 00:00,225.41
457,HNXINDEX,2024-11-04 00:00,224.45
458,HNXINDEX,2024-11-05 00:00,224.86
459,HNXINDEX,2024-11-06 00:00,227.76
460,HNXINDEX,2024-11-07 00:00,227.49
461,HNXINDEX,2024-11-08 00:00,226.88
462,HNXINDEX,2024-11-11 00:00,226.86
463,HNXINDEX,2024-11-12 00:00,226.69
464,HNXINDEX,2024-11-13 00:00,226.21
465,HNXINDEX,2024-11-14 00:00,223.82
466,HNXINDEX,2024-11-15 00:00,221.53
467,HNXINDEX,2024-11-18 00:00,221.79
468,HNXINDEX,2024-11-19 00:00,219.68
469,HNXINDEX,2024-11-20 00:00,221.29
470,HNXINDEX,2024-11-21 00:00,221.76
471,HNXINDEX,2024-11-22 00:00,221.29
472,HNXINDEX,2024-11-25 00:00,222.25
473,HNXINDEX,2024-11-26 00:00,223.7
474,HNXINDEX,2024-11-27 00:00,223.09
475,HNXINDEX,2024-11-28 00:00,223.57
476,HNXINDEX,2024-11-29 00:00,224.64
477,HNXINDEX,2024-12-02 00:00,225.32
478,HNXINDEX,2024-12-03 00:00,225.29
479,HNXINDEX,2024-12-04 00:00,224.62
480,HNXINDEX,2024-12-05 00:00,229.6
481,HNXINDEX,2024-12-06 00:00,228.93
482,HNXINDEX,2024-12-09 00:00,229.21
483,HNXINDEX,2024-12-10 00:00,229.24
484,HNXINDEX,2024-12-11 00:00,228.18
485,HNXINDEX,2024-12-12 00:00,227.99
486,HNXINDEX,2024-12-13 00:00,227.0
487,HNXINDEX,2024-12-16 00:00,227.04
488,HNXINDEX,2024-12-17 00:00,226.89
489,HNXINDEX,2024-12-18 00:00,227.43
490,HNXINDEX,2024-12-19 00:00,227.54
491,HNXINDEX,2024-12-20 00:00,227.07
492,HNXINDEX,2024-12-23 00:00,228.51
493,HNXINDEX,2024-12-24 00:00,228.36
494,HNXINDEX,2024-12-25 00:00,229.81
495,HNXINDEX,2024-12-26 00:00,229.9
496,HNXINDEX,2024-12-27 00:00,229.13
497,HNXINDEX,2024-12-30 00:00,228.14
498,HNXINDEX,2024-12-31 00:00,227.43
499,HNXINDEX,2025-01-02 00:00,227.69
500,HNXINDEX,2025-01-03 00:00,225.66
501,HNXINDEX,2025-01-06 00:00,222.95
502,HNXINDEX,2025-01-07 00:00,220.98
503,HNXINDEX,2025-01-08 00:00,221.87
504,HNXINDEX,2025-01-09 00:00,221.94
505,HNXINDEX,2025-01-10 00:00,219.49
506,HNXINDEX,2025-01-13 00:00,219.62
507,HNXINDEX,2025-01-14 00:00,218.27
508,HNXINDEX,2025-01-15 00:00,219.55
509,HNXINDEX,2025-01-16 00:00,220.84
510,HNXINDEX,2025-01-17 00:00,222.48
511,HNXINDEX,2025-01-20 00:00,221.69
512,HNXINDEX,2025-01-21 00:00,221.68
513,HNXINDEX,2025-01-22 00:00,220.67
514,HNXINDEX,2025-01-23 00:00,222.67
515,HNXINDEX,2025-01-24 00:00,223.01
516,HNXINDEX,2025-02-03 00:00,223.49
517,HNXINDEX,2025-02-04 00:00,226.61
518,HNXINDEX,2025-02-05 00:00,227.98
519,HNXINDEX,2025-02-06 00:00,229.13
520,HNXINDEX,2025-02-07 00:00,229.49
521,HNXINDEX,2025-02-10 00:00,227.97
522,HNXINDEX,2025-02-11 00:00,228.87
523,HNXINDEX,2025-02-12 00:00,229.32
524,HNXINDEX,2025-02-13 00:00,229.52
525,HNXINDEX,2025-02-14 00:00,231.22
526,HNXINDEX,2025-02-17 00:00,233.19
527,HNXINDEX,2025-02-18 00:00,235.84
528,HNXINDEX,2025-02-19 00:00,237.79
529,HNXINDEX,2025-02-20 00:00,238.02
530,HNXINDEX,2025-02-21 00:00,237.57
531,HNXINDEX,2025-02-24 00:00,238.49
532,HNXINDEX,2025-02-25 00:00,238.31
533,HNXINDEX,2025-02-26 00:00,238.6
534,HNXINDEX,2025-02-27 00:00,239.39
535,HNXINDEX,2025-02-28 00:00,239.19
536,HNXINDEX,2025-03-03 00:00,238.34
537,HNXINDEX,2025-03-04 00:00,237.35
538,HNXINDEX,2025-03-05 00:00,235.41
539,HNXINDEX,2025-03-06 00:00,238.01
540,HNXINDEX,2025-03-07 00:00,238.41
541,HNXINDEX,2025-03-10 00:00,239.5
542,HNXINDEX,2025-03-11 00:00,240.58
543,HNXINDEX,2025-03-12 00:00,241.87
544,HNXINDEX,2025-03-13 00:00,241.31
545,HNXINDEX,2025-03-14 00:00,242.73
546,HNXINDEX,2025-03-17 00:00,246.77
547,HNXINDEX,2025-03-18 00:00,247.03
548,HNXINDEX,2025-03-19 00:00,245.28
549,HNXINDEX,2025-03-20 00:00,245.77
550,HNXINDEX,2025-03-21 00:00,245.82
551,HNXINDEX,2025-03-24 00:00,246.0
552,HNXINDEX,2025-03-25 00:00,244.56
553,HNXINDEX,2025-03-26 00:00,241.33
554,HNXINDEX,2025-03-27 00:00,239.54
555,HNXINDEX,2025-03-28 00:00,238.2
556,HNXINDEX,2025-03-31 00:00,235.06
557,HNXINDEX,2025-04-01 00:00,236.42
558,HNXINDEX,2025-04-02 00:00,238.13
559,HNXINDEX,2025-04-03 00:00,220.95
560,HNXINDEX,2025-04-04 00:00,216.97
561,HNXINDEX,2025-04-08 00:00,201.04
562,HNXINDEX,2025-04-09 00:00,192.58
563,HNXINDEX,2025-04-10 00:00,208.32
564,HNXINDEX,2025-04-11 00:00,213.34
565,HNXINDEX,2025-04-14 00:00,215.0
566,HNXINDEX,2025-04-15 00:00,210.24
567,HNXINDEX,2025-04-16 00:00,209.41
568,HNXINDEX,2025-04-17 00:00,209.58
569,HNXINDEX,2025-04-18 00:00,213.1
570,HNXINDEX,2025-04-21 00:00,211.47
571,HNXINDEX,2025-04-22 00:00,207.71
572,HNXINDEX,2025-04-23 00:00,211.45
573,HNXINDEX,2025-04-24 00:00,211.07
574,HNXINDEX,2025-04-25 00:00,211.72
575,HNXINDEX,2025-04-28 00:00,211.45
576,HNXINDEX,2025-04-29 00:00,211.94
577,HNXINDEX,2025-05-05 00:00,212.81
578,HNXINDEX,2025-05-06 00:00,212.89
579,HNXINDEX,2025-05-07 00:00,213.41
580,HNXINDEX,2025-05-08 00:00,215.21
581,HNXINDEX,2025-05-09 00:00,214.13
582,HNXINDEX,2025-05-12 00:00,216.04
583,HNXINDEX,2025-05-13 00:00,217.93
584,HNXINDEX,2025-05-14 00:00,218.88
585,HNXINDEX,2025-05-15 00:00,219.28
586,HNXINDEX,2025-05-16 00:00,218.69
587,HNXINDEX,2025-05-19 00:00,217.24
588,HNXINDEX,2025-05-20 00:00,217.7
589,HNXINDEX,2025-05-21 00:00,217.46
590,HNXINDEX,2025-05-22 00:00,216.79
591,HNXINDEX,2025-05-23 00:00,216.32
592,HNXINDEX,2025-05-26 00:00,219.41
593,HNXINDEX,2025-05-27 00:00,221.79
594,HNXINDEX,2025-05-28 00:00,223.56
595,HNXINDEX,2025-05-29 00:00,224.3
596,HNXINDEX,2025-05-30 00:00,223.22
597,HNXINDEX,2025-06-02 00:00,226.17
598,HNXINDEX,2025-06-03 00:00,228.94
599,HNXINDEX,2025-06-04 00:00,230.83
600,HNXINDEX,2025-06-05 00:00,231.19
601,HNXINDEX,2025-06-06 00:00,228.61
602,HNXINDEX,2025-06-09 00:00,226.49
603,HNXINDEX,2025-06-10 00:00,226.4
604,HNXINDEX,2025-06-11 00:00,226.23
605,HNXINDEX,2025-06-12 00:00,227.73
606,HNXINDEX,2025-06-13 00:00,224.82
607,HNXINDEX,2025-06-16 00:00,228.12
608,HNXINDEX,2025-06-17 00:00,228.24
609,HNXINDEX,2025-06-18 00:00,228.2
610,HNXINDEX,2025-06-19 00:00,227.56
611,HNXINDEX,2025-06-20 00:00,227.07
612,HNXINDEX,2025-06-23 00:00,227.42
613,HNXINDEX,2025-06-24 00:00,227.79
614,HNXINDEX,2025-06-25 00:00,227.66
615,HNXINDEX,2025-06-26 00:00,227.7
616,HNXINDEX,2025-06-27 00:00,227.81
617,HNXINDEX,2025-06-30 00:00,229.22
618,HNXINDEX,2025-07-01 00:00,228.45
619,HNXINDEX,2025-07-02 00:00,231.62
620,HNXINDEX,2025-07-03 00:00,230.93
621,HNXINDEX,2025-07-04 00:00,232.51
622,HNXINDEX,2025-07-07 00:00,235.9
623,HNXINDEX,2025-07-08 00:00,237.68
624,HNXINDEX,2025-07-09 00:00,238.63
625,HNXINDEX,2025-07-10 00:00,238.44
626,HNXINDEX,2025-07-11 00:00,238.81
627,HNXINDEX,2025-07-14 00:00,239.61
628,HNXINDEX,2025-07-15 00:00,240.33
629,HNXINDEX,2025-07-16 00:00,242.35
630,HNXINDEX,2025-07-17 00:00,246.09
631,HNXINDEX,2025-07-18 00:00,247.77
632,HNXINDEX,2025-07-21 00:00,245.79
633,HNXINDEX,2025-07-22 00:00,247.85
634,HNXINDEX,2025-07-23 00:00,249.33
635,HNXINDEX,2025-07-24 00:00,250.67
636,HNXINDEX,2025-07-25 00:00,254.56
637,HNXINDEX,2025-07-28 00:00,263.79
638,HNXINDEX,2025-07-29 00:00,255.36
639,HNXINDEX,2025-07-30 00:00,261.51
640,HNXINDEX,2025-07-31 00:00,266.34
641,HNXINDEX,2025-08-01 00:00,264.93
642,HNXINDEX,2025-08-04 00:00,268.34
643,HNXINDEX,2025-08-05 00:00,266.12
644,HNXINDEX,2025-08-06 00:00,268.66
645,HNXINDEX,2025-08-07 00:00,270.86
646,HNXINDEX,2025-08-08 00:00,272.46
647,HNXINDEX,2025-08-11 00:00,276.46
648,HNXINDEX,2025-08-12 00:00,276.47
649,HNXINDEX,2025-08-13 00:00,279.69
650,HNXINDEX,2025-08-14 00:00,285.15
651,HNXINDEX,2025-08-15 00:00,282.34
652,HNXINDEX,2025-08-18 00:00,283.87
653,HNXINDEX,2025-08-19 00:00,286.45
654,HNXINDEX,2025-08-20 00:00,283.73
655,HNXINDEX,2025-08-21 00:00,284.39
656,HNXINDEX,2025-08-22 00:00,272.48
657,HNXINDEX,2025-08-25 00:00,266.58
658,HNXINDEX,2025-08-26 00:00,275.79
659,HNXINDEX,2025-08-27 00:00,276.38
660,HNXINDEX,2025-08-28 00:00,276.63
661,HNXINDEX,2025-08-29 00:00,279.98
662,HNXINDEX,2025-09-03 00:00,282.7
663,HNXINDEX,2025-09-04 00:00,283.99
664,UPCOMINDEX,2023-01-03 00:00,72.4
665,UPCOMINDEX,2023-01-04 00:00,72.76
666,UPCOMINDEX,2023-01-05 00:00,72.82
667,UPCOMINDEX,2023-01-06 00:00,72.75
668,UPCOMINDEX,2023-01-09 00:00,72.73
669,UPCOMINDEX,2023-01-10 00:00,72.48
670,UPCOMINDEX,2023-01-11 00:00,72.37
671,UPCOMINDEX,2023-01-12 00:00,72.19
672,UPCOMINDEX,2023-01-13 00:00,72.09
673,UPCOMINDEX,2023-01-16 00:00,72.22
674,UPCOMINDEX,2023-01-17 00:00,72.97
675,UPCOMINDEX,2023-01-18 00:00,73.54
676,UPCOMINDEX,2023-01-19 00:00,73.98
677,UPCOMINDEX,2023-01-27 00:00,74.99
678,UPCOMINDEX,2023-01-30 00:00,75.4
679,UPCOMINDEX,2023-01-31 00:00,75.84
680,UPCOMINDEX,2023-02-01 00:00,74.93
681,UPCOMINDEX,2023-02-02 00:00,74.88
682,UPCOMINDEX,2023-02-03 00:00,75.54
683,UPCOMINDEX,2023-02-06 00:00,75.96
684,UPCOMINDEX,2023-02-07 00:00,75.54
685,UPCOMINDEX,2023-02-08 00:00,76.43
686,UPCOMINDEX,2023-02-09 00:00,77.25
687,UPCOMINDEX,2023-02-10 00:00,77.34
688,UPCOMINDEX,2023-02-13 00:00,77.2
689,UPCOMINDEX,2023-02-14 00:00,77.94
690,UPCOMINDEX,2023-02-15 00:00,79.47
691,UPCOMINDEX,2023-02-16 00:00,79.66
692,UPCOMINDEX,2023-02-17 00:00,78.94
693,UPCOMINDEX,2023-02-20 00:00,78.83
694,UPCOMINDEX,2023-02-21 00:00,78.18
695,UPCOMINDEX,2023-02-22 00:00,77.45
696,UPCOMINDEX,2023-02-23 00:00,77.4
697,UPCOMINDEX,2023-02-24 00:00,76.73
698,UPCOMINDEX,2023-02-27 00:00,75.85
699,UPCOMINDEX,2023-02-28 00:00,76.44
700,UPCOMINDEX,2023-03-01 00:00,76.64
701,UPCOMINDEX,2023-03-02 00:00,76.28
702,UPCOMINDEX,2023-03-03 00:00,75.8
703,UPCOMINDEX,2023-03-06 00:00,76.0
704,UPCOMINDEX,2023-03-07 00:00,76.17
705,UPCOMINDEX,2023-03-08 00:00,76.49
706,UPCOMINDEX,2023-03-09 00:00,76.6
707,UPCOMINDEX,2023-03-10 00:00,76.77
708,UPCOMINDEX,2023-03-13 00:00,76.38
709,UPCOMINDEX,2023-03-14 00:00,75.77
710,UPCOMINDEX,2023-03-15 00:00,76.59
711,UPCOMINDEX,2023-03-16 00:00,76.02
712,UPCOMINDEX,2023-03-17 00:00,76.43
713,UPCOMINDEX,2023-03-20 00:00,76.02
714,UPCOMINDEX,2023-03-21 00:00,75.67
715,UPCOMINDEX,2023-03-22 00:00,75.9
716,UPCOMINDEX,2023-03-23 00:00,76.17
717,UPCOMINDEX,2023-03-24 00:00,76.17
718,UPCOMINDEX,2023-03-27 00:00,75.68
719,UPCOMINDEX,2023-03-28 00:00,75.58
720,UPCOMINDEX,2023-03-29 00:00,76.73
721,UPCOMINDEX,2023-03-30 00:00,76.49
722,UPCOMINDEX,2023-03-31 00:00,76.76
723,UPCOMINDEX,2023-04-03 00:00,77.28
724,UPCOMINDEX,2023-04-04 00:00,77.59
725,UPCOMINDEX,2023-04-05 00:00,77.74
726,UPCOMINDEX,2023-04-06 00:00,78.34
727,UPCOMINDEX,2023-04-07 00:00,78.16
728,UPCOMINDEX,2023-04-10 00:00,77.99
729,UPCOMINDEX,2023-04-11 00:00,78.81
730,UPCOMINDEX,2023-04-12 00:00,79.15
731,UPCOMINDEX,2023-04-13 00:00,79.35
732,UPCOMINDEX,2023-04-14 00:00,78.69
733,UPCOMINDEX,2023-04-17 00:00,78.38
734,UPCOMINDEX,2023-04-18 00:00,78.73
735,UPCOMINDEX,2023-04-19 00:00,78.11
736,UPCOMINDEX,2023-04-20 00:00,77.85
737,UPCOMINDEX,2023-04-21 00:00,77.99
738,UPCOMINDEX,2023-04-24 00:00,77.9
739,UPCOMINDEX,2023-04-25 00:00,77.99
740,UPCOMINDEX,2023-04-26 00:00,78.01
741,UPCOMINDEX,2023-04-27 00:00,77.42
742,UPCOMINDEX,2023-04-28 00:00,77.77
743,UPCOMINDEX,2023-05-04 00:00,77.27
744,UPCOMINDEX,2023-05-05 00:00,77.56
745,UPCOMINDEX,2023-05-08 00:00,78.38
746,UPCOMINDEX,2023-05-09 00:00,78.34
747,UPCOMINDEX,2023-05-10 00:00,78.84
748,UPCOMINDEX,2023-05-11 00:00,79.13
749,UPCOMINDEX,2023-05-12 00:00,80.05
750,UPCOMINDEX,2023-05-15 00:00,80.48
751,UPCOMINDEX,2023-05-16 00:00,80.66
752,UPCOMINDEX,2023-05-17 00:00,80.57
753,UPCOMINDEX,2023-05-18 00:00,80.91
754,UPCOMINDEX,2023-05-19 00:00,81.08
755,UPCOMINDEX,2023-05-22 00:00,81.21
756,UPCOMINDEX,2023-05-23 00:00,81.0
757,UPCOMINDEX,2023-05-24 00:00,80.93
758,UPCOMINDEX,2023-05-25 00:00,80.71
759,UPCOMINDEX,2023-05-26 00:00,80.58
760,UPCOMINDEX,2023-05-29 00:00,81.13
761,UPCOMINDEX,2023-05-30 00:00,81.67
762,UPCOMINDEX,2023-05-31 00:00,82.05
763,UPCOMINDEX,2023-06-01 00:00,83.51
764,UPCOMINDEX,2023-06-02 00:00,83.96
765,UPCOMINDEX,2023-06-05 00:00,84.11
766,UPCOMINDEX,2023-06-06 00:00,84.43
767,UPCOMINDEX,2023-06-07 00:00,84.56
768,UPCOMINDEX,2023-06-08 00:00,84.02
769,UPCOMINDEX,2023-06-09 00:00,84.19
770,UPCOMINDEX,2023-06-12 00:00,84.53
771,UPCOMINDEX,2023-06-13 00:00,85.0
772,UPCOMINDEX,2023-06-14 00:00,84.82
773,UPCOMINDEX,2023-06-15 00:00,84.55
774,UPCOMINDEX,2023-06-16 00:00,84.62
775,UPCOMINDEX,2023-06-19 00:00,84.55
776,UPCOMINDEX,2023-06-20 00:00,84.82
777,UPCOMINDEX,2023-06-21 00:00,85.45
778,UPCOMINDEX,2023-06-22 00:00,85.5
779,UPCOMINDEX,2023-06-23 00:00,85.71
780,UPCOMINDEX,2023-06-26 00:00,85.6
781,UPCOMINDEX,2023-06-27 00:00,85.65
782,UPCOMINDEX,2023-06-28 00:00,85.99
783,UPCOMINDEX,2023-06-29 00:00,85.63
784,UPCOMINDEX,2023-06-30 00:00,86.0
785,UPCOMINDEX,2023-07-03 00:00,85.77
786,UPCOMINDEX,2023-07-04 00:00,85.53
787,UPCOMINDEX,2023-07-05 00:00,85.41
788,UPCOMINDEX,2023-07-06 00:00,85.09
789,UPCOMINDEX,2023-07-07 00:00,84.66
790,UPCOMINDEX,2023-07-10 00:00,85.23
791,UPCOMINDEX,2023-07-11 00:00,85.82
792,UPCOMINDEX,2023-07-12 00:00,85.91
793,UPCOMINDEX,2023-07-13 00:00,86.21
794,UPCOMINDEX,2023-07-14 00:00,86.29
795,UPCOMINDEX,2023-07-17 00:00,86.81
796,UPCOMINDEX,2023-07-18 00:00,87.02
797,UPCOMINDEX,2023-07-19 00:00,87.13
798,UPCOMINDEX,2023-07-20 00:00,87.65
799,UPCOMINDEX,2023-07-21 00:00,88.15
800,UPCOMINDEX,2023-07-24 00:00,88.69
801,UPCOMINDEX,2023-07-25 00:00,88.58
802,UPCOMINDEX,2023-07-26 00:00,88.6
803,UPCOMINDEX,2023-07-27 00:00,88.64
804,UPCOMINDEX,2023-07-28 00:00,88.91
805,UPCOMINDEX,2023-07-31 00:00,89.35
806,UPCOMINDEX,2023-08-01 00:00,90.21
807,UPCOMINDEX,2023-08-02 00:00,90.88
808,UPCOMINDEX,2023-08-03 00:00,91.02
809,UPCOMINDEX,2023-08-04 00:00,91.7
810,UPCOMINDEX,2023-08-07 00:00,92.57
811,UPCOMINDEX,2023-08-08 00:00,93.64
812,UPCOMINDEX,2023-08-09 00:00,93.8
813,UPCOMINDEX,2023-08-10 00:00,93.1
814,UPCOMINDEX,2023-08-11 00:00,93.28
815,UPCOMINDEX,2023-08-14 00:00,93.46
816,UPCOMINDEX,2023-08-15 00:00,93.49
817,UPCOMINDEX,2023-08-16 00:00,93.67
818,UPCOMINDEX,2023-08-17 00:00,92.74
819,UPCOMINDEX,2023-08-18 00:00,89.27
820,UPCOMINDEX,2023-08-21 00:00,89.5
821,UPCOMINDEX,2023-08-22 00:00,89.51
822,UPCOMINDEX,2023-08-23 00:00,89.39
823,UPCOMINDEX,2023-08-24 00:00,90.85
824,UPCOMINDEX,2023-08-25 00:00,91.01
825,UPCOMINDEX,2023-08-28 00:00,91.73
826,UPCOMINDEX,2023-08-29 00:00,92.36
827,UPCOMINDEX,2023-08-30 00:00,92.68
828,UPCOMINDEX,2023-08-31 00:00,93.32
829,UPCOMINDEX,2023-09-05 00:00,94.29
830,UPCOMINDEX,2023-09-06 00:00,94.56
831,UPCOMINDEX,2023-09-07 00:00,94.7
832,UPCOMINDEX,2023-09-08 00:00,94.72
833,UPCOMINDEX,2023-09-11 00:00,93.71
834,UPCOMINDEX,2023-09-12 00:00,94.27
835,UPCOMINDEX,2023-09-13 00:00,94.18
836,UPCOMINDEX,2023-09-14 00:00,93.65
837,UPCOMINDEX,2023-09-15 00:00,93.76
838,UPCOMINDEX,2023-09-18 00:00,93.17
839,UPCOMINDEX,2023-09-19 00:00,93.07
840,UPCOMINDEX,2023-09-20 00:00,93.35
841,UPCOMINDEX,2023-09-21 00:00,92.39
842,UPCOMINDEX,2023-09-22 00:00,90.76
843,UPCOMINDEX,2023-09-25 00:00,88.7
844,UPCOMINDEX,2023-09-26 00:00,88.43
845,UPCOMINDEX,2023-09-27 00:00,88.73
846,UPCOMINDEX,2023-09-28 00:00,88.44
847,UPCOMINDEX,2023-09-29 00:00,88.78
848,UPCOMINDEX,2023-10-02 00:00,88.69
849,UPCOMINDEX,2023-10-03 00:00,86.68
850,UPCOMINDEX,2023-10-04 00:00,87.47
851,UPCOMINDEX,2023-10-05 00:00,86.79
852,UPCOMINDEX,2023-10-06 00:00,87.2
853,UPCOMINDEX,2023-10-09 00:00,86.89
854,UPCOMINDEX,2023-10-10 00:00,87.45
855,UPCOMINDEX,2023-10-11 00:00,87.75
856,UPCOMINDEX,2023-10-12 00:00,88.08
857,UPCOMINDEX,2023-10-13 00:00,87.9
858,UPCOMINDEX,2023-10-16 00:00,87.35
859,UPCOMINDEX,2023-10-17 00:00,86.65
860,UPCOMINDEX,2023-10-18 00:00,85.95
861,UPCOMINDEX,2023-10-19 00:00,85.0
862,UPCOMINDEX,2023-10-20 00:00,85.62
863,UPCOMINDEX,2023-10-23 00:00,85.27
864,UPCOMINDEX,2023-10-24 00:00,85.54
865,UPCOMINDEX,2023-10-25 00:00,85.57
866,UPCOMINDEX,2023-10-26 00:00,82.79
867,UPCOMINDEX,2023-10-27 00:00,83.1
868,UPCOMINDEX,2023-10-30 00:00,82.28
869,UPCOMINDEX,2023-10-31 00:00,80.93
870,UPCOMINDEX,2023-11-01 00:00,81.7
871,UPCOMINDEX,2023-11-02 00:00,83.97
872,UPCOMINDEX,2023-11-03 00:00,84.16
873,UPCOMINDEX,2023-11-06 00:00,85.05
874,UPCOMINDEX,2023-11-07 00:00,84.61
875,UPCOMINDEX,2023-11-08 00:00,86.17
876,UPCOMINDEX,2023-11-09 00:00,86.22
877,UPCOMINDEX,2023-11-10 00:00,86.03
878,UPCOMINDEX,2023-11-13 00:00,85.98
879,UPCOMINDEX,2023-11-14 00:00,86.65
880,UPCOMINDEX,2023-11-15 00:00,87.0
881,UPCOMINDEX,2023-11-16 00:00,87.13
882,UPCOMINDEX,2023-11-17 00:00,86.02
883,UPCOMINDEX,2023-11-20 00:00,86.13
884,UPCOMINDEX,2023-11-21 00:00,86.22
885,UPCOMINDEX,2023-11-22 00:00,86.04
886,UPCOMINDEX,2023-11-23 00:00,84.95
887,UPCOMINDEX,2023-11-24 00:00,84.99
888,UPCOMINDEX,2023-11-27 00:00,84.5
889,UPCOMINDEX,2023-11-28 00:00,84.66
890,UPCOMINDEX,2023-11-29 00:00,85.04
891,UPCOMINDEX,2023-11-30 00:00,84.99
892,UPCOMINDEX,2023-12-01 00:00,85.19
893,UPCOMINDEX,2023-12-04 00:00,85.97
894,UPCOMINDEX,2023-12-05 00:00,86.02
895,UPCOMINDEX,2023-12-06 00:00,86.31
896,UPCOMINDEX,2023-12-07 00:00,85.71
897,UPCOMINDEX,2023-12-08 00:00,85.71
898,UPCOMINDEX,2023-12-11 00:00,85.48
899,UPCOMINDEX,2023-12-12 00:00,85.35
900,UPCOMINDEX,2023-12-13 00:00,85.09
901,UPCOMINDEX,2023-12-14 00:00,85.22
902,UPCOMINDEX,2023-12-15 00:00,85.05
903,UPCOMINDEX,2023-12-18 00:00,84.88
904,UPCOMINDEX,2023-12-19 00:00,85.1
905,UPCOMINDEX,2023-12-20 00:00,85.48
906,UPCOMINDEX,2023-12-21 00:00,86.16
907,UPCOMINDEX,2023-12-22 00:00,86.14
908,UPCOMINDEX,2023-12-25 00:00,86.21
909,UPCOMINDEX,2023-12-26 00:00,86.24
910,UPCOMINDEX,2023-12-27 00:00,86.46
911,UPCOMINDEX,2023-12-28 00:00,86.97
912,UPCOMINDEX,2023-12-29 00:00,87.04
913,UPCOMINDEX,2024-01-02 00:00,87.58
914,UPCOMINDEX,2024-01-03 00:00,87.8
915,UPCOMINDEX,2024-01-04 00:00,87.73
916,UPCOMINDEX,2024-01-05 00:00,87.93
917,UPCOMINDEX,2024-01-08 00:00,87.79
918,UPCOMINDEX,2024-01-09 00:00,87.72
919,UPCOMINDEX,2024-01-10 00:00,87.15
920,UPCOMINDEX,2024-01-11 00:00,87.56
921,UPCOMINDEX,2024-01-12 00:00,86.9
922,UPCOMINDEX,2024-01-15 00:00,86.61
923,UPCOMINDEX,2024-01-16 00:00,87.02
924,UPCOMINDEX,2024-01-17 00:00,86.96
925,UPCOMINDEX,2024-01-18 00:00,87.16
926,UPCOMINDEX,2024-01-19 00:00,87.46
927,UPCOMINDEX,2024-01-22 00:00,87.72
928,UPCOMINDEX,2024-01-23 00:00,87.45
929,UPCOMINDEX,2024-01-24 00:00,87.64
930,UPCOMINDEX,2024-01-25 00:00,87.68
931,UPCOMINDEX,2024-01-26 00:00,87.7
932,UPCOMINDEX,2024-01-29 00:00,87.6
933,UPCOMINDEX,2024-01-30 00:00,87.85
934,UPCOMINDEX,2024-01-31 00:00,87.69
935,UPCOMINDEX,2024-02-01 00:00,88.02
936,UPCOMINDEX,2024-02-02 00:00,88.37
937,UPCOMINDEX,2024-02-05 00:00,88.53
938,UPCOMINDEX,2024-02-06 00:00,88.86
939,UPCOMINDEX,2024-02-07 00:00,89.33
940,UPCOMINDEX,2024-02-15 00:00,90.06
941,UPCOMINDEX,2024-02-16 00:00,90.06
942,UPCOMINDEX,2024-02-19 00:00,90.45
943,UPCOMINDEX,2024-02-20 00:00,90.53
944,UPCOMINDEX,2024-02-21 00:00,90.61
945,UPCOMINDEX,2024-02-22 00:00,90.57
946,UPCOMINDEX,2024-02-23 00:00,90.16
947,UPCOMINDEX,2024-02-26 00:00,90.49
948,UPCOMINDEX,2024-02-27 00:00,90.4
949,UPCOMINDEX,2024-02-28 00:00,90.54
950,UPCOMINDEX,2024-02-29 00:00,90.63
951,UPCOMINDEX,2024-03-01 00:00,91.16
952,UPCOMINDEX,2024-03-04 00:00,91.13
953,UPCOMINDEX,2024-03-05 00:00,91.78
954,UPCOMINDEX,2024-03-06 00:00,91.24
955,UPCOMINDEX,2024-03-07 00:00,91.61
956,UPCOMINDEX,2024-03-08 00:00,91.23
957,UPCOMINDEX,2024-03-11 00:00,90.66
958,UPCOMINDEX,2024-03-12 00:00,90.77
959,UPCOMINDEX,2024-03-13 00:00,91.53
960,UPCOMINDEX,2024-03-14 00:00,91.62
961,UPCOMINDEX,2024-03-15 00:00,91.35
962,UPCOMINDEX,2024-03-18 00:00,90.32
963,UPCOMINDEX,2024-03-19 00:00,90.6
964,UPCOMINDEX,2024-03-20 00:00,90.54
965,UPCOMINDEX,2024-03-21 00:00,90.82
966,UPCOMINDEX,2024-03-22 00:00,90.95
967,UPCOMINDEX,2024-03-25 00:00,91.09
968,UPCOMINDEX,2024-03-26 00:00,91.2
969,UPCOMINDEX,2024-03-27 00:00,91.18
970,UPCOMINDEX,2024-03-28 00:00,91.48
971,UPCOMINDEX,2024-03-29 00:00,91.57
972,UPCOMINDEX,2024-04-01 00:00,91.33
973,UPCOMINDEX,2024-04-02 00:00,91.4
974,UPCOMINDEX,2024-04-03 00:00,91.15
975,UPCOMINDEX,2024-04-04 00:00,91.01
976,UPCOMINDEX,2024-04-05 00:00,90.65
977,UPCOMINDEX,2024-04-08 00:00,90.53
978,UPCOMINDEX,2024-04-09 00:00,90.57
979,UPCOMINDEX,2024-04-10 00:00,90.65
980,UPCOMINDEX,2024-04-11 00:00,90.92
981,UPCOMINDEX,2024-04-12 00:00,91.21
982,UPCOMINDEX,2024-04-15 00:00,88.98
983,UPCOMINDEX,2024-04-16 00:00,88.63
984,UPCOMINDEX,2024-04-17 00:00,88.15
985,UPCOMINDEX,2024-04-19 00:00,87.16
986,UPCOMINDEX,2024-04-22 00:00,88.02
987,UPCOMINDEX,2024-04-23 00:00,87.51
988,UPCOMINDEX,2024-04-24 00:00,88.37
989,UPCOMINDEX,2024-04-25 00:00,88.33
990,UPCOMINDEX,2024-04-26 00:00,88.76
991,UPCOMINDEX,2024-05-02 00:00,89.7
992,UPCOMINDEX,2024-05-03 00:00,89.78
993,UPCOMINDEX,2024-05-06 00:00,90.65
994,UPCOMINDEX,2024-05-07 00:00,91.1
995,UPCOMINDEX,2024-05-08 00:00,91.57
996,UPCOMINDEX,2024-05-09 00:00,91.91
997,UPCOMINDEX,2024-05-10 00:00,91.72
998,UPCOMINDEX,2024-05-13 00:00,91.48
999,UPCOMINDEX,2024-05-14 00:00,91.62
1000,UPCOMINDEX,2024-05-15 00:00,92.1
1001,UPCOMINDEX,2024-05-16 00:00,92.7
1002,UPCOMINDEX,2024-05-17 00:00,93.07
1003,UPCOMINDEX,2024-05-20 00:00,93.53
1004,UPCOMINDEX,2024-05-21 00:00,94.45
1005,UPCOMINDEX,2024-05-22 00:00,94.7
1006,UPCOMINDEX,2024-05-23 00:00,95.17
1007,UPCOMINDEX,2024-05-24 00:00,94.4
1008,UPCOMINDEX,2024-05-27 00:00,94.87
1009,UPCOMINDEX,2024-05-28 00:00,95.62
1010,UPCOMINDEX,2024-05-29 00:00,95.92
1011,UPCOMINDEX,2024-05-30 00:00,95.8
1012,UPCOMINDEX,2024-05-31 00:00,95.88
1013,UPCOMINDEX,2024-06-03 00:00,96.93
1014,UPCOMINDEX,2024-06-04 00:00,97.0
1015,UPCOMINDEX,2024-06-05 00:00,97.46
1016,UPCOMINDEX,2024-06-06 00:00,98.32
1017,UPCOMINDEX,2024-06-07 00:00,98.86
1018,UPCOMINDEX,2024-06-10 00:00,99.56
1019,UPCOMINDEX,2024-06-11 00:00,98.95
1020,UPCOMINDEX,2024-06-12 00:00,99.14
1021,UPCOMINDEX,2024-06-13 00:00,99.02
1022,UPCOMINDEX,2024-06-14 00:00,98.05
1023,UPCOMINDEX,2024-06-17 00:00,98.09
1024,UPCOMINDEX,2024-06-18 00:00,98.31
1025,UPCOMINDEX,2024-06-19 00:00,98.36
1026,UPCOMINDEX,2024-06-20 00:00,99.27
1027,UPCOMINDEX,2024-06-21 00:00,100.58
1028,UPCOMINDEX,2024-06-24 00:00,99.06
1029,UPCOMINDEX,2024-06-25 00:00,98.83
1030,UPCOMINDEX,2024-06-26 00:00,98.9
1031,UPCOMINDEX,2024-06-27 00:00,98.53
1032,UPCOMINDEX,2024-06-28 00:00,97.54
1033,UPCOMINDEX,2024-07-01 00:00,97.3
1034,UPCOMINDEX,2024-07-02 00:00,97.58
1035,UPCOMINDEX,2024-07-03 00:00,97.9
1036,UPCOMINDEX,2024-07-04 00:00,98.26
1037,UPCOMINDEX,2024-07-05 00:00,98.26
1038,UPCOMINDEX,2024-07-08 00:00,98.58
1039,UPCOMINDEX,2024-07-09 00:00,99.25
1040,UPCOMINDEX,2024-07-10 00:00,98.7
1041,UPCOMINDEX,2024-07-11 00:00,98.32
1042,UPCOMINDEX,2024-07-12 00:00,98.14
1043,UPCOMINDEX,2024-07-15 00:00,97.92
1044,UPCOMINDEX,2024-07-16 00:00,98.26
1045,UPCOMINDEX,2024-07-17 00:00,97.27
1046,UPCOMINDEX,2024-07-18 00:00,97.61
1047,UPCOMINDEX,2024-07-19 00:00,96.78
1048,UPCOMINDEX,2024-07-22 00:00,95.65
1049,UPCOMINDEX,2024-07-23 00:00,94.4
1050,UPCOMINDEX,2024-07-24 00:00,94.53
1051,UPCOMINDEX,2024-07-25 00:00,94.51
1052,UPCOMINDEX,2024-07-26 00:00,95.18
1053,UPCOMINDEX,2024-07-29 00:00,95.46
1054,UPCOMINDEX,2024-07-30 00:00,95.24
1055,UPCOMINDEX,2024-07-31 00:00,95.07
1056,UPCOMINDEX,2024-08-01 00:00,93.52
1057,UPCOMINDEX,2024-08-02 00:00,93.77
1058,UPCOMINDEX,2024-08-05 00:00,90.79
1059,UPCOMINDEX,2024-08-06 00:00,92.22
1060,UPCOMINDEX,2024-08-07 00:00,92.03
1061,UPCOMINDEX,2024-08-08 00:00,92.12
1062,UPCOMINDEX,2024-08-09 00:00,92.8
1063,UPCOMINDEX,2024-08-12 00:00,93.0
1064,UPCOMINDEX,2024-08-13 00:00,92.79
1065,UPCOMINDEX,2024-08-14 00:00,92.65
1066,UPCOMINDEX,2024-08-15 00:00,92.18
1067,UPCOMINDEX,2024-08-16 00:00,93.44
1068,UPCOMINDEX,2024-08-19 00:00,93.72
1069,UPCOMINDEX,2024-08-20 00:00,94.1
1070,UPCOMINDEX,2024-08-21 00:00,94.48
1071,UPCOMINDEX,2024-08-22 00:00,94.49
1072,UPCOMINDEX,2024-08-23 00:00,94.41
1073,UPCOMINDEX,2024-08-26 00:00,94.16
1074,UPCOMINDEX,2024-08-27 00:00,94.15
1075,UPCOMINDEX,2024-08-28 00:00,94.13
1076,UPCOMINDEX,2024-08-29 00:00,93.85
1077,UPCOMINDEX,2024-08-30 00:00,94.17
1078,UPCOMINDEX,2024-09-04 00:00,93.75
1079,UPCOMINDEX,2024-09-05 00:00,93.47
1080,UPCOMINDEX,2024-09-06 00:00,93.37
1081,UPCOMINDEX,2024-09-09 00:00,93.0
1082,UPCOMINDEX,2024-09-10 00:00,92.36
1083,UPCOMINDEX,2024-09-11 00:00,92.32
1084,UPCOMINDEX,2024-09-12 00:00,92.73
1085,UPCOMINDEX,2024-09-13 00:00,92.95
1086,UPCOMINDEX,2024-09-16 00:00,92.57
1087,UPCOMINDEX,2024-09-17 00:00,93.12
1088,UPCOMINDEX,2024-09-18 00:00,93.47
1089,UPCOMINDEX,2024-09-19 00:00,93.63
1090,UPCOMINDEX,2024-09-20 00:00,93.63
1091,UPCOMINDEX,2024-09-23 00:00,93.65
1092,UPCOMINDEX,2024-09-24 00:00,93.81
1093,UPCOMINDEX,2024-09-25 00:00,93.5
1094,UPCOMINDEX,2024-09-26 00:00,93.5
1095,UPCOMINDEX,2024-09-27 00:00,93.9
1096,UPCOMINDEX,2024-09-30 00:00,93.56
1097,UPCOMINDEX,2024-10-01 00:00,93.28
1098,UPCOMINDEX,2024-10-02 00:00,93.28
1099,UPCOMINDEX,2024-10-03 00:00,92.68
1100,UPCOMINDEX,2024-10-04 00:00,92.37
1101,UPCOMINDEX,2024-10-07 00:00,92.47
1102,UPCOMINDEX,2024-10-08 00:00,92.45
1103,UPCOMINDEX,2024-10-09 00:00,92.45
1104,UPCOMINDEX,2024-10-10 00:00,92.57
1105,UPCOMINDEX,2024-10-11 00:00,92.6
1106,UPCOMINDEX,2024-10-14 00:00,92.38
1107,UPCOMINDEX,2024-10-15 00:00,92.17
1108,UPCOMINDEX,2024-10-16 00:00,92.32
1109,UPCOMINDEX,2024-10-17 00:00,92.7
1110,UPCOMINDEX,2024-10-18 00:00,92.7
1111,UPCOMINDEX,2024-10-21 00:00,92.14
1112,UPCOMINDEX,2024-10-22 00:00,91.73
1113,UPCOMINDEX,2024-10-23 00:00,92.12
1114,UPCOMINDEX,2024-10-24 00:00,92.06
1115,UPCOMINDEX,2024-10-25 00:00,91.82
1116,UPCOMINDEX,2024-10-28 00:00,92.15
1117,UPCOMINDEX,2024-10-29 00:00,92.32
1118,UPCOMINDEX,2024-10-30 00:00,92.46
1119,UPCOMINDEX,2024-10-31 00:00,92.38
1120,UPCOMINDEX,2024-11-01 00:00,91.96
1121,UPCOMINDEX,2024-11-04 00:00,91.61
1122,UPCOMINDEX,2024-11-05 00:00,91.9
1123,UPCOMINDEX,2024-11-06 00:00,92.71
1124,UPCOMINDEX,2024-11-07 00:00,92.32
1125,UPCOMINDEX,2024-11-08 00:00,92.15
1126,UPCOMINDEX,2024-11-11 00:00,92.4
1127,UPCOMINDEX,2024-11-12 00:00,92.39
1128,UPCOMINDEX,2024-11-13 00:00,92.35
1129,UPCOMINDEX,2024-11-14 00:00,91.87
1130,UPCOMINDEX,2024-11-15 00:00,91.33
1131,UPCOMINDEX,2024-11-18 00:00,91.64
1132,UPCOMINDEX,2024-11-19 00:00,90.3
1133,UPCOMINDEX,2024-11-20 00:00,91.09
1134,UPCOMINDEX,2024-11-21 00:00,91.5
1135,UPCOMINDEX,2024-11-22 00:00,91.7
1136,UPCOMINDEX,2024-11-25 00:00,91.82
1137,UPCOMINDEX,2024-11-26 00:00,92.06
1138,UPCOMINDEX,2024-11-27 00:00,91.96
1139,UPCOMINDEX,2024-11-28 00:00,92.35
1140,UPCOMINDEX,2024-11-29 00:00,92.74
1141,UPCOMINDEX,2024-12-02 00:00,92.44
1142,UPCOMINDEX,2024-12-03 00:00,92.44
1143,UPCOMINDEX,2024-12-04 00:00,92.44
1144,UPCOMINDEX,2024-12-05 00:00,92.95
1145,UPCOMINDEX,2024-12-06 00:00,92.81
1146,UPCOMINDEX,2024-12-09 00:00,92.91
1147,UPCOMINDEX,2024-12-10 00:00,92.74
1148,UPCOMINDEX,2024-12-11 00:00,92.74
1149,UPCOMINDEX,2024-12-12 00:00,92.68
1150,UPCOMINDEX,2024-12-13 00:00,92.54
1151,UPCOMINDEX,2024-12-16 00:00,92.64
1152,UPCOMINDEX,2024-12-17 00:00,92.77
1153,UPCOMINDEX,2024-12-18 00:00,93.07
1154,UPCOMINDEX,2024-12-19 00:00,92.73
1155,UPCOMINDEX,2024-12-20 00:00,93.39
1156,UPCOMINDEX,2024-12-23 00:00,93.72
1157,UPCOMINDEX,2024-12-24 00:00,94.02
1158,UPCOMINDEX,2024-12-25 00:00,94.59
1159,UPCOMINDEX,2024-12-26 00:00,94.41
1160,UPCOMINDEX,2024-12-27 00:00,94.48
1161,UPCOMINDEX,2024-12-30 00:00,95.0
1162,UPCOMINDEX,2024-12-31 00:00,95.06
1163,UPCOMINDEX,2025-01-02 00:00,95.05
1164,UPCOMINDEX,2025-01-03 00:00,94.34
1165,UPCOMINDEX,2025-01-06 00:00,93.62
1166,UPCOMINDEX,2025-01-07 00:00,93.0
1167,UPCOMINDEX,2025-01-08 00:00,93.54
1168,UPCOMINDEX,2025-01-09 00:00,93.09
1169,UPCOMINDEX,2025-01-10 00:00,92.15
1170,UPCOMINDEX,2025-01-13 00:00,92.22
1171,UPCOMINDEX,2025-01-14 00:00,92.12
1172,UPCOMINDEX,2025-01-15 00:00,92.27
1173,UPCOMINDEX,2025-01-16 00:00,92.42
1174,UPCOMINDEX,2025-01-17 00:00,93.11
1175,UPCOMINDEX,2025-01-20 00:00,92.8
1176,UPCOMINDEX,2025-01-21 00:00,92.84
1177,UPCOMINDEX,2025-01-22 00:00,93.08
1178,UPCOMINDEX,2025-01-23 00:00,93.88
1179,UPCOMINDEX,2025-01-24 00:00,94.3
1180,UPCOMINDEX,2025-02-03 00:00,94.51
1181,UPCOMINDEX,2025-02-04 00:00,95.31
1182,UPCOMINDEX,2025-02-05 00:00,95.9
1183,UPCOMINDEX,2025-02-06 00:00,96.74
1184,UPCOMINDEX,2025-02-07 00:00,97.24
1185,UPCOMINDEX,2025-02-10 00:00,96.63
1186,UPCOMINDEX,2025-02-11 00:00,96.75
1187,UPCOMINDEX,2025-02-12 00:00,96.8
1188,UPCOMINDEX,2025-02-13 00:00,97.74
1189,UPCOMINDEX,2025-02-14 00:00,98.35
1190,UPCOMINDEX,2025-02-17 00:00,99.39
1191,UPCOMINDEX,2025-02-18 00:00,99.51
1192,UPCOMINDEX,2025-02-19 00:00,99.34
1193,UPCOMINDEX,2025-02-20 00:00,100.08
1194,UPCOMINDEX,2025-02-21 00:00,100.61
1195,UPCOMINDEX,2025-02-24 00:00,100.21
1196,UPCOMINDEX,2025-02-25 00:00,99.97
1197,UPCOMINDEX,2025-02-26 00:00,99.73
1198,UPCOMINDEX,2025-02-27 00:00,99.81
1199,UPCOMINDEX,2025-02-28 00:00,99.58
1200,UPCOMINDEX,2025-03-03 00:00,99.46
1201,UPCOMINDEX,2025-03-04 00:00,99.1
1202,UPCOMINDEX,2025-03-05 00:00,98.69
1203,UPCOMINDEX,2025-03-06 00:00,99.35
1204,UPCOMINDEX,2025-03-07 00:00,99.08
1205,UPCOMINDEX,2025-03-10 00:00,99.16
1206,UPCOMINDEX,2025-03-11 00:00,99.4
1207,UPCOMINDEX,2025-03-12 00:00,99.32
1208,UPCOMINDEX,2025-03-13 00:00,99.02
1209,UPCOMINDEX,2025-03-14 00:00,99.38
1210,UPCOMINDEX,2025-03-17 00:00,100.43
1211,UPCOMINDEX,2025-03-18 00:00,100.29
1212,UPCOMINDEX,2025-03-19 00:00,99.36
1213,UPCOMINDEX,2025-03-20 00:00,99.16
1214,UPCOMINDEX,2025-03-21 00:00,99.32
1215,UPCOMINDEX,2025-03-24 00:00,99.18
1216,UPCOMINDEX,2025-03-25 00:00,99.17
1217,UPCOMINDEX,2025-03-26 00:00,98.85
1218,UPCOMINDEX,2025-03-27 00:00,98.96
1219,UPCOMINDEX,2025-03-28 00:00,98.62
1220,UPCOMINDEX,2025-03-31 00:00,98.05
1221,UPCOMINDEX,2025-04-01 00:00,98.47
1222,UPCOMINDEX,2025-04-02 00:00,98.64
1223,UPCOMINDEX,2025-04-03 00:00,90.58
1224,UPCOMINDEX,2025-04-04 00:00,91.13
1225,UPCOMINDEX,2025-04-08 00:00,84.5
1226,UPCOMINDEX,2025-04-09 00:00,84.41
1227,UPCOMINDEX,2025-04-10 00:00,92.84
1228,UPCOMINDEX,2025-04-11 00:00,93.25
1229,UPCOMINDEX,2025-04-14 00:00,91.76
1230,UPCOMINDEX,2025-04-15 00:00,91.03
1231,UPCOMINDEX,2025-04-16 00:00,90.39
1232,UPCOMINDEX,2025-04-17 00:00,90.53
1233,UPCOMINDEX,2025-04-18 00:00,91.3
1234,UPCOMINDEX,2025-04-21 00:00,90.9
1235,UPCOMINDEX,2025-04-22 00:00,89.67
1236,UPCOMINDEX,2025-04-23 00:00,91.46
1237,UPCOMINDEX,2025-04-24 00:00,91.83
1238,UPCOMINDEX,2025-04-25 00:00,92.27
1239,UPCOMINDEX,2025-04-28 00:00,92.25
1240,UPCOMINDEX,2025-04-29 00:00,92.42
1241,UPCOMINDEX,2025-05-05 00:00,92.38
1242,UPCOMINDEX,2025-05-06 00:00,92.94
1243,UPCOMINDEX,2025-05-07 00:00,92.92
1244,UPCOMINDEX,2025-05-08 00:00,92.98
1245,UPCOMINDEX,2025-05-09 00:00,93.4
1246,UPCOMINDEX,2025-05-12 00:00,93.59
1247,UPCOMINDEX,2025-05-13 00:00,94.55
1248,UPCOMINDEX,2025-05-14 00:00,94.89
1249,UPCOMINDEX,2025-05-15 00:00,95.54
1250,UPCOMINDEX,2025-05-16 00:00,95.5
1251,UPCOMINDEX,2025-05-19 00:00,95.71
1252,UPCOMINDEX,2025-05-20 00:00,95.69
1253,UPCOMINDEX,2025-05-21 00:00,95.83
1254,UPCOMINDEX,2025-05-22 00:00,96.14
1255,UPCOMINDEX,2025-05-23 00:00,96.22
1256,UPCOMINDEX,2025-05-26 00:00,96.73
1257,UPCOMINDEX,2025-05-27 00:00,98.14
1258,UPCOMINDEX,2025-05-28 00:00,98.59
1259,UPCOMINDEX,2025-05-29 00:00,98.62
1260,UPCOMINDEX,2025-05-30 00:00,98.49
1261,UPCOMINDEX,2025-06-02 00:00,98.36
1262,UPCOMINDEX,2025-06-03 00:00,99.32
1263,UPCOMINDEX,2025-06-04 00:00,99.01
1264,UPCOMINDEX,2025-06-05 00:00,98.87
1265,UPCOMINDEX,2025-06-06 00:00,98.89
1266,UPCOMINDEX,2025-06-09 00:00,98.19
1267,UPCOMINDEX,2025-06-10 00:00,98.19
1268,UPCOMINDEX,2025-06-11 00:00,98.04
1269,UPCOMINDEX,2025-06-12 00:00,98.16
1270,UPCOMINDEX,2025-06-13 00:00,97.54
1271,UPCOMINDEX,2025-06-16 00:00,98.1
1272,UPCOMINDEX,2025-06-17 00:00,98.87
1273,UPCOMINDEX,2025-06-18 00:00,99.31
1274,UPCOMINDEX,2025-06-19 00:00,99.13
1275,UPCOMINDEX,2025-06-20 00:00,99.18
1276,UPCOMINDEX,2025-06-23 00:00,98.93
1277,UPCOMINDEX,2025-06-24 00:00,99.34
1278,UPCOMINDEX,2025-06-25 00:00,99.94
1279,UPCOMINDEX,2025-06-26 00:00,100.06
1280,UPCOMINDEX,2025-06-27 00:00,100.62
1281,UPCOMINDEX,2025-06-30 00:00,100.84
1282,UPCOMINDEX,2025-07-01 00:00,100.72
1283,UPCOMINDEX,2025-07-02 00:00,100.61
1284,UPCOMINDEX,2025-07-03 00:00,100.86
1285,UPCOMINDEX,2025-07-04 00:00,101.17
1286,UPCOMINDEX,2025-07-07 00:00,101.61
1287,UPCOMINDEX,2025-07-08 00:00,101.96
1288,UPCOMINDEX,2025-07-09 00:00,102.5
1289,UPCOMINDEX,2025-07-10 00:00,102.28
1290,UPCOMINDEX,2025-07-11 00:00,102.72
1291,UPCOMINDEX,2025-07-14 00:00,102.67
1292,UPCOMINDEX,2025-07-15 00:00,103.03
1293,UPCOMINDEX,2025-07-16 00:00,103.08
1294,UPCOMINDEX,2025-07-17 00:00,104.21
1295,UPCOMINDEX,2025-07-18 00:00,104.74
1296,UPCOMINDEX,2025-07-21 00:00,104.27
1297,UPCOMINDEX,2025-07-22 00:00,104.02
1298,UPCOMINDEX,2025-07-23 00:00,104.8
1299,UPCOMINDEX,2025-07-24 00:00,105.16
1300,UPCOMINDEX,2025-07-25 00:00,105.77
1301,UPCOMINDEX,2025-07-28 00:00,106.94
1302,UPCOMINDEX,2025-07-29 00:00,106.07
1303,UPCOMINDEX,2025-07-30 00:00,105.11
1304,UPCOMINDEX,2025-07-31 00:00,105.79
1305,UPCOMINDEX,2025-08-01 00:00,106.46
1306,UPCOMINDEX,2025-08-04 00:00,107.16
1307,UPCOMINDEX,2025-08-05 00:00,107.5
1308,UPCOMINDEX,2025-08-06 00:00,107.46
1309,UPCOMINDEX,2025-08-07 00:00,107.92
1310,UPCOMINDEX,2025-08-08 00:00,108.54
1311,UPCOMINDEX,2025-08-11 00:00,109.25
1312,UPCOMINDEX,2025-08-12 00:00,109.2
1313,UPCOMINDEX,2025-08-13 00:00,109.42
1314,UPCOMINDEX,2025-08-14 00:00,109.95
1315,UPCOMINDEX,2025-08-15 00:00,109.61
1316,UPCOMINDEX,2025-08-18 00:00,108.97
1317,UPCOMINDEX,2025-08-19 00:00,109.78
1318,UPCOMINDEX,2025-08-20 00:00,109.68
1319,UPCOMINDEX,2025-08-21 00:00,110.58
1320,UPCOMINDEX,2025-08-22 00:00,109.26
1321,UPCOMINDEX,2025-08-25 00:00,108.58
1322,UPCOMINDEX,2025-08-26 00:00,108.84
1323,UPCOMINDEX,2025-08-27 00:00,109.94
1324,UPCOMINDEX,2025-08-28 00:00,110.62
1325,UPCOMINDEX,2025-08-29 00:00,111.0
1326,UPCOMINDEX,2025-09-03 00:00,111.05
1327,UPCOMINDEX,2025-09-04 00:00,111.85
1328,VN30,2023-01-03 00:00,1047.25
1329,VN30,2023-01-04 00:00,1050.15
1330,VN30,2023-01-05 00:00,1061.9
1331,VN30,2023-01-06 00:00,1057.4
1332,VN30,2023-01-09 00:00,1061.14
1333,VN30,2023-01-10 00:00,1060.53
1334,VN30,2023-01-11 00:00,1065.22
1335,VN30,2023-01-12 00:00,1066.24
1336,VN30,2023-01-13 00:00,1069.86
1337,VN30,2023-01-16 00:00,1075.71
1338,VN30,2023-01-17 00:00,1103.73
1339,VN30,2023-01-18 00:00,1115.72
1340,VN30,2023-01-19 00:00,1121.92
1341,VN30,2023-01-27 00:00,1130.65
1342,VN30,2023-01-30 00:00,1113.95
1343,VN30,2023-01-31 00:00,1125.07
1344,VN30,2023-02-01 00:00,1088.09
1345,VN30,2023-02-02 00:00,1093.48
1346,VN30,2023-02-03 00:00,1085.7
1347,VN30,2023-02-06 00:00,1094.37
1348,VN30,2023-02-07 00:00,1069.5
1349,VN30,2023-02-08 00:00,1073.38
1350,VN30,2023-02-09 00:00,1059.91
1351,VN30,2023-02-10 00:00,1048.74
1352,VN30,2023-02-13 00:00,1040.4
1353,VN30,2023-02-14 00:00,1034.93
1354,VN30,2023-02-15 00:00,1043.34
1355,VN30,2023-02-16 00:00,1055.26
1356,VN30,2023-02-17 00:00,1053.72
1357,VN30,2023-02-20 00:00,1087.36
1358,VN30,2023-02-21 00:00,1080.9
1359,VN30,2023-02-22 00:00,1051.08
1360,VN30,2023-02-23 00:00,1050.95
1361,VN30,2023-02-24 00:00,1030.42
1362,VN30,2023-02-27 00:00,1011.46
1363,VN30,2023-02-28 00:00,1014.96
1364,VN30,2023-03-01 00:00,1034.43
1365,VN30,2023-03-02 00:00,1028.73
1366,VN30,2023-03-03 00:00,1013.35
1367,VN30,2023-03-06 00:00,1014.26
1368,VN30,2023-03-07 00:00,1027.16
1369,VN30,2023-03-08 00:00,1040.59
1370,VN30,2023-03-09 00:00,1050.28
1371,VN30,2023-03-10 00:00,1047.2
1372,VN30,2023-03-13 00:00,1050.07
1373,VN30,2023-03-14 00:00,1037.35
1374,VN30,2023-03-15 00:00,1064.38
1375,VN30,2023-03-16 00:00,1046.99
1376,VN30,2023-03-17 00:00,1047.71
1377,VN30,2023-03-20 00:00,1024.5
1378,VN30,2023-03-21 00:00,1035.04
1379,VN30,2023-03-22 00:00,1043.14
1380,VN30,2023-03-23 00:00,1046.6
1381,VN30,2023-03-24 00:00,1051.42
1382,VN30,2023-03-27 00:00,1056.45
1383,VN30,2023-03-28 00:00,1058.82
1384,VN30,2023-03-29 00:00,1061.45
1385,VN30,2023-03-30 00:00,1067.24
1386,VN30,2023-03-31 00:00,1073.68
1387,VN30,2023-04-03 00:00,1088.72
1388,VN30,2023-04-04 00:00,1088.34
1389,VN30,2023-04-05 00:00,1089.83
1390,VN30,2023-04-06 00:00,1078.86
1391,VN30,2023-04-07 00:00,1078.88
1392,VN30,2023-04-10 00:00,1077.41
1393,VN30,2023-04-11 00:00,1081.71
1394,VN30,2023-04-12 00:00,1080.69
1395,VN30,2023-04-13 00:00,1074.67
1396,VN30,2023-04-14 00:00,1063.43
1397,VN30,2023-04-17 00:00,1065.02
1398,VN30,2023-04-18 00:00,1064.55
1399,VN30,2023-04-19 00:00,1056.14
1400,VN30,2023-04-20 00:00,1053.61
1401,VN30,2023-04-21 00:00,1046.18
1402,VN30,2023-04-24 00:00,1046.17
1403,VN30,2023-04-25 00:00,1037.04
1404,VN30,2023-04-26 00:00,1045.24
1405,VN30,2023-04-27 00:00,1041.54
1406,VN30,2023-04-28 00:00,1051.43
1407,VN30,2023-05-04 00:00,1039.64
1408,VN30,2023-05-05 00:00,1038.46
1409,VN30,2023-05-08 00:00,1049.72
1410,VN30,2023-05-09 00:00,1049.67
1411,VN30,2023-05-10 00:00,1054.99
1412,VN30,2023-05-11 00:00,1054.93
1413,VN30,2023-05-12 00:00,1066.44
1414,VN30,2023-05-15 00:00,1070.9
1415,VN30,2023-05-16 00:00,1069.64
1416,VN30,2023-05-17 00:00,1062.1
1417,VN30,2023-05-18 00:00,1070.76
1418,VN30,2023-05-19 00:00,1068.84
1419,VN30,2023-05-22 00:00,1073.74
1420,VN30,2023-05-23 00:00,1068.05
1421,VN30,2023-05-24 00:00,1061.55
1422,VN30,2023-05-25 00:00,1062.15
1423,VN30,2023-05-26 00:00,1060.81
1424,VN30,2023-05-29 00:00,1069.77
1425,VN30,2023-05-30 00:00,1071.82
1426,VN30,2023-05-31 00:00,1066.33
1427,VN30,2023-06-01 00:00,1068.09
1428,VN30,2023-06-02 00:00,1086.96
1429,VN30,2023-06-05 00:00,1091.08
1430,VN30,2023-06-06 00:00,1102.32
1431,VN30,2023-06-07 00:00,1105.68
1432,VN30,2023-06-08 00:00,1092.46
1433,VN30,2023-06-09 00:00,1100.85
1434,VN30,2023-06-12 00:00,1109.63
1435,VN30,2023-06-13 00:00,1115.39
1436,VN30,2023-06-14 00:00,1110.6
1437,VN30,2023-06-15 00:00,1108.57
1438,VN30,2023-06-16 00:00,1109.06
1439,VN30,2023-06-19 00:00,1098.94
1440,VN30,2023-06-20 00:00,1104.27
1441,VN30,2023-06-21 00:00,1112.07
1442,VN30,2023-06-22 00:00,1117.6
1443,VN30,2023-06-23 00:00,1126.76
1444,VN30,2023-06-26 00:00,1131.23
1445,VN30,2023-06-27 00:00,1134.41
1446,VN30,2023-06-28 00:00,1141.12
1447,VN30,2023-06-29 00:00,1125.29
1448,VN30,2023-06-30 00:00,1123.13
1449,VN30,2023-07-03 00:00,1123.37
1450,VN30,2023-07-04 00:00,1128.0
1451,VN30,2023-07-05 00:00,1129.76
1452,VN30,2023-07-06 00:00,1119.44
1453,VN30,2023-07-07 00:00,1129.43
1454,VN30,2023-07-10 00:00,1143.16
1455,VN30,2023-07-11 00:00,1146.67
1456,VN30,2023-07-12 00:00,1146.54
1457,VN30,2023-07-13 00:00,1156.11
1458,VN30,2023-07-14 00:00,1160.59
1459,VN30,2023-07-17 00:00,1164.58
1460,VN30,2023-07-18 00:00,1166.82
1461,VN30,2023-07-19 00:00,1165.19
1462,VN30,2023-07-20 00:00,1168.26
1463,VN30,2023-07-21 00:00,1186.6
1464,VN30,2023-07-24 00:00,1193.14
1465,VN30,2023-07-25 00:00,1198.01
1466,VN30,2023-07-26 00:00,1201.43
1467,VN30,2023-07-27 00:00,1199.68
1468,VN30,2023-07-28 00:00,1212.45
1469,VN30,2023-07-31 00:00,1230.81
1470,VN30,2023-08-01 00:00,1222.18
1471,VN30,2023-08-02 00:00,1221.32
1472,VN30,2023-08-03 00:00,1210.8
1473,VN30,2023-08-04 00:00,1231.42
1474,VN30,2023-08-07 00:00,1250.68
1475,VN30,2023-08-08 00:00,1247.81
1476,VN30,2023-08-09 00:00,1239.84
1477,VN30,2023-08-10 00:00,1226.2
1478,VN30,2023-08-11 00:00,1240.77
1479,VN30,2023-08-14 00:00,1243.43
1480,VN30,2023-08-15 00:00,1241.24
1481,VN30,2023-08-16 00:00,1256.95
1482,VN30,2023-08-17 00:00,1247.82
1483,VN30,2023-08-18 00:00,1190.1
1484,VN30,2023-08-21 00:00,1190.32
1485,VN30,2023-08-22 00:00,1193.51
1486,VN30,2023-08-23 00:00,1182.97
1487,VN30,2023-08-24 00:00,1201.88
1488,VN30,2023-08-25 00:00,1193.93
1489,VN30,2023-08-28 00:00,1213.4
1490,VN30,2023-08-29 00:00,1215.47
1491,VN30,2023-08-30 00:00,1225.56
1492,VN30,2023-08-31 00:00,1234.53
1493,VN30,2023-09-05 00:00,1244.64
1494,VN30,2023-09-06 00:00,1260.03
1495,VN30,2023-09-07 00:00,1255.22
1496,VN30,2023-09-08 00:00,1249.14
1497,VN30,2023-09-11 00:00,1230.71
1498,VN30,2023-09-12 00:00,1255.83
1499,VN30,2023-09-13 00:00,1247.95
1500,VN30,2023-09-14 00:00,1234.06
1501,VN30,2023-09-15 00:00,1238.81
1502,VN30,2023-09-18 00:00,1223.7
1503,VN30,2023-09-19 00:00,1225.5
1504,VN30,2023-09-20 00:00,1234.57
1505,VN30,2023-09-21 00:00,1219.19
1506,VN30,2023-09-22 00:00,1197.69
1507,VN30,2023-09-25 00:00,1159.94
1508,VN30,2023-09-26 00:00,1153.37
1509,VN30,2023-09-27 00:00,1168.6
1510,VN30,2023-09-28 00:00,1164.45
1511,VN30,2023-09-29 00:00,1166.26
1512,VN30,2023-10-02 00:00,1167.13
1513,VN30,2023-10-03 00:00,1130.89
1514,VN30,2023-10-04 00:00,1138.54
1515,VN30,2023-10-05 00:00,1124.48
1516,VN30,2023-10-06 00:00,1139.78
1517,VN30,2023-10-09 00:00,1150.37
1518,VN30,2023-10-10 00:00,1160.28
1519,VN30,2023-10-11 00:00,1167.29
1520,VN30,2023-10-12 00:00,1165.49
1521,VN30,2023-10-13 00:00,1166.66
1522,VN30,2023-10-16 00:00,1153.21
1523,VN30,2023-10-17 00:00,1141.03
1524,VN30,2023-10-18 00:00,1125.56
1525,VN30,2023-10-19 00:00,1104.89
1526,VN30,2023-10-20 00:00,1123.69
1527,VN30,2023-10-23 00:00,1106.85
1528,VN30,2023-10-24 00:00,1117.12
1529,VN30,2023-10-25 00:00,1113.32
1530,VN30,2023-10-26 00:00,1064.95
1531,VN30,2023-10-27 00:00,1067.57
1532,VN30,2023-10-30 00:00,1047.63
1533,VN30,2023-10-31 00:00,1039.38
1534,VN30,2023-11-01 00:00,1051.65
1535,VN30,2023-11-02 00:00,1087.5
1536,VN30,2023-11-03 00:00,1086.19
1537,VN30,2023-11-06 00:00,1103.52
1538,VN30,2023-11-07 00:00,1092.71
1539,VN30,2023-11-08 00:00,1129.95
1540,VN30,2023-11-09 00:00,1122.95
1541,VN30,2023-11-10 00:00,1109.05
1542,VN30,2023-11-13 00:00,1106.72
1543,VN30,2023-11-14 00:00,1119.28
1544,VN30,2023-11-15 00:00,1131.9
1545,VN30,2023-11-16 00:00,1132.6
1546,VN30,2023-11-17 00:00,1103.53
1547,VN30,2023-11-20 00:00,1102.85
1548,VN30,2023-11-21 00:00,1108.6
1549,VN30,2023-11-22 00:00,1109.8
1550,VN30,2023-11-23 00:00,1082.68
1551,VN30,2023-11-24 00:00,1087.34
1552,VN30,2023-11-27 00:00,1078.42
1553,VN30,2023-11-28 00:00,1088.51
1554,VN30,2023-11-29 00:00,1093.16
1555,VN30,2023-11-30 00:00,1081.7
1556,VN30,2023-12-01 00:00,1090.39
1557,VN30,2023-12-04 00:00,1107.16
1558,VN30,2023-12-05 00:00,1100.42
1559,VN30,2023-12-06 00:00,1109.27
1560,VN30,2023-12-07 00:00,1111.35
1561,VN30,2023-12-08 00:00,1114.89
1562,VN30,2023-12-11 00:00,1117.34
1563,VN30,2023-12-12 00:00,1121.21
1564,VN30,2023-12-13 00:00,1106.83
1565,VN30,2023-12-14 00:00,1104.49
1566,VN30,2023-12-15 00:00,1097.4
1567,VN30,2023-12-18 00:00,1084.67
1568,VN30,2023-12-19 00:00,1091.87
1569,VN30,2023-12-20 00:00,1097.01
1570,VN30,2023-12-21 00:00,1097.43
1571,VN30,2023-12-22 00:00,1097.45
1572,VN30,2023-12-25 00:00,1111.86
1573,VN30,2023-12-26 00:00,1115.52
1574,VN30,2023-12-27 00:00,1115.94
1575,VN30,2023-12-28 00:00,1128.51
1576,VN30,2023-12-29 00:00,1131.46
1577,VN30,2024-01-02 00:00,1131.64
1578,VN30,2024-01-03 00:00,1144.85
1579,VN30,2024-01-04 00:00,1156.37
1580,VN30,2024-01-05 00:00,1161.14
1581,VN30,2024-01-08 00:00,1163.52
1582,VN30,2024-01-09 00:00,1160.21
1583,VN30,2024-01-10 00:00,1162.68
1584,VN30,2024-01-11 00:00,1163.56
1585,VN30,2024-01-12 00:00,1163.66
1586,VN30,2024-01-15 00:00,1161.3
1587,VN30,2024-01-16 00:00,1170.19
1588,VN30,2024-01-17 00:00,1166.61
1589,VN30,2024-01-18 00:00,1173.91
1590,VN30,2024-01-19 00:00,1185.23
1591,VN30,2024-01-22 00:00,1189.56
1592,VN30,2024-01-23 00:00,1183.85
1593,VN30,2024-01-24 00:00,1179.45
1594,VN30,2024-01-25 00:00,1177.52
1595,VN30,2024-01-26 00:00,1182.82
1596,VN30,2024-01-29 00:00,1179.17
1597,VN30,2024-01-30 00:00,1181.71
1598,VN30,2024-01-31 00:00,1166.33
1599,VN30,2024-02-01 00:00,1173.35
1600,VN30,2024-02-02 00:00,1174.76
1601,VN30,2024-02-05 00:00,1197.36
1602,VN30,2024-02-06 00:00,1199.17
1603,VN30,2024-02-07 00:00,1212.7
1604,VN30,2024-02-15 00:00,1217.12
1605,VN30,2024-02-16 00:00,1224.54
1606,VN30,2024-02-19 00:00,1240.2
1607,VN30,2024-02-20 00:00,1241.65
1608,VN30,2024-02-21 00:00,1242.08
1609,VN30,2024-02-22 00:00,1239.9
1610,VN30,2024-02-23 00:00,1223.09
1611,VN30,2024-02-26 00:00,1233.31
1612,VN30,2024-02-27 00:00,1247.91
1613,VN30,2024-02-28 00:00,1265.35
1614,VN30,2024-02-29 00:00,1265.75
1615,VN30,2024-03-01 00:00,1267.07
1616,VN30,2024-03-04 00:00,1268.53
1617,VN30,2024-03-05 00:00,1280.17
1618,VN30,2024-03-06 00:00,1271.07
1619,VN30,2024-03-07 00:00,1276.56
1620,VN30,2024-03-08 00:00,1250.2
1621,VN30,2024-03-11 00:00,1235.12
1622,VN30,2024-03-12 00:00,1242.23
1623,VN30,2024-03-13 00:00,1272.28
1624,VN30,2024-03-14 00:00,1260.32
1625,VN30,2024-03-15 00:00,1256.42
1626,VN30,2024-03-18 00:00,1235.74
1627,VN30,2024-03-19 00:00,1234.74
1628,VN30,2024-03-20 00:00,1259.06
1629,VN30,2024-03-21 00:00,1281.57
1630,VN30,2024-03-22 00:00,1284.14
1631,VN30,2024-03-25 00:00,1270.0
1632,VN30,2024-03-26 00:00,1286.23
1633,VN30,2024-03-27 00:00,1288.77
1634,VN30,2024-03-28 00:00,1303.2
1635,VN30,2024-03-29 00:00,1296.9
1636,VN30,2024-04-01 00:00,1292.62
1637,VN30,2024-04-02 00:00,1292.3
1638,VN30,2024-04-03 00:00,1274.27
1639,VN30,2024-04-04 00:00,1267.65
1640,VN30,2024-04-05 00:00,1257.78
1641,VN30,2024-04-08 00:00,1254.72
1642,VN30,2024-04-09 00:00,1266.92
1643,VN30,2024-04-10 00:00,1263.82
1644,VN30,2024-04-11 00:00,1262.86
1645,VN30,2024-04-12 00:00,1284.74
1646,VN30,2024-04-15 00:00,1227.9
1647,VN30,2024-04-16 00:00,1232.7
1648,VN30,2024-04-17 00:00,1210.74
1649,VN30,2024-04-19 00:00,1194.03
1650,VN30,2024-04-22 00:00,1206.64
1651,VN30,2024-04-23 00:00,1200.37
1652,VN30,2024-04-24 00:00,1232.17
1653,VN30,2024-04-25 00:00,1233.72
1654,VN30,2024-04-26 00:00,1240.5
1655,VN30,2024-05-02 00:00,1247.21
1656,VN30,2024-05-03 00:00,1255.62
1657,VN30,2024-05-06 00:00,1274.62
1658,VN30,2024-05-07 00:00,1284.85
1659,VN30,2024-05-08 00:00,1284.85
1660,VN30,2024-05-09 00:00,1281.47
1661,VN30,2024-05-10 00:00,1277.47
1662,VN30,2024-05-13 00:00,1272.53
1663,VN30,2024-05-14 00:00,1277.31
1664,VN30,2024-05-15 00:00,1289.97
1665,VN30,2024-05-16 00:00,1308.27
1666,VN30,2024-05-17 00:00,1310.15
1667,VN30,2024-05-20 00:00,1312.55
1668,VN30,2024-05-21 00:00,1308.62
1669,VN30,2024-05-22 00:00,1291.46
1670,VN30,2024-05-23 00:00,1304.76
1671,VN30,2024-05-24 00:00,1283.46
1672,VN30,2024-05-27 00:00,1284.88
1673,VN30,2024-05-28 00:00,1299.75
1674,VN30,2024-05-29 00:00,1284.02
1675,VN30,2024-05-30 00:00,1279.29
1676,VN30,2024-05-31 00:00,1275.97
1677,VN30,2024-06-03 00:00,1297.78
1678,VN30,2024-06-04 00:00,1300.99
1679,VN30,2024-06-05 00:00,1299.66
1680,VN30,2024-06-06 00:00,1302.28
1681,VN30,2024-06-07 00:00,1308.03
1682,VN30,2024-06-10 00:00,1311.1
1683,VN30,2024-06-11 00:00,1308.3
1684,VN30,2024-06-12 00:00,1331.81
1685,VN30,2024-06-13 00:00,1333.85
1686,VN30,2024-06-14 00:00,1316.46
1687,VN30,2024-06-17 00:00,1309.7
1688,VN30,2024-06-18 00:00,1309.89
1689,VN30,2024-06-19 00:00,1314.22
1690,VN30,2024-06-20 00:00,1322.36
1691,VN30,2024-06-21 00:00,1319.93
1692,VN30,2024-06-24 00:00,1289.85
1693,VN30,2024-06-25 00:00,1288.8
1694,VN30,2024-06-26 00:00,1291.3
1695,VN30,2024-06-27 00:00,1289.03
1696,VN30,2024-06-28 00:00,1278.32
1697,VN30,2024-07-01 00:00,1285.48
1698,VN30,2024-07-02 00:00,1296.06
1699,VN30,2024-07-03 00:00,1305.5
1700,VN30,2024-07-04 00:00,1310.63
1701,VN30,2024-07-05 00:00,1316.18
1702,VN30,2024-07-08 00:00,1315.83
1703,VN30,2024-07-09 00:00,1321.78
1704,VN30,2024-07-10 00:00,1310.91
1705,VN30,2024-07-11 00:00,1306.22
1706,VN30,2024-07-12 00:00,1301.81
1707,VN30,2024-07-15 00:00,1297.82
1708,VN30,2024-07-16 00:00,1303.3
1709,VN30,2024-07-17 00:00,1305.37
1710,VN30,2024-07-18 00:00,1306.38
1711,VN30,2024-07-19 00:00,1302.32
1712,VN30,2024-07-22 00:00,1299.31
1713,VN30,2024-07-23 00:00,1278.67
1714,VN30,2024-07-24 00:00,1280.51
1715,VN30,2024-07-25 00:00,1272.18
1716,VN30,2024-07-26 00:00,1281.84
1717,VN30,2024-07-29 00:00,1285.73
1718,VN30,2024-07-30 00:00,1287.82
1719,VN30,2024-07-31 00:00,1299.09
1720,VN30,2024-08-01 00:00,1272.0
1721,VN30,2024-08-02 00:00,1281.01
1722,VN30,2024-08-05 00:00,1232.11
1723,VN30,2024-08-06 00:00,1252.81
1724,VN30,2024-08-07 00:00,1253.58
1725,VN30,2024-08-08 00:00,1243.31
1726,VN30,2024-08-09 00:00,1264.84
1727,VN30,2024-08-12 00:00,1271.44
1728,VN30,2024-08-13 00:00,1268.72
1729,VN30,2024-08-14 00:00,1270.38
1730,VN30,2024-08-15 00:00,1265.32
1731,VN30,2024-08-16 00:00,1291.68
1732,VN30,2024-08-19 00:00,1299.04
1733,VN30,2024-08-20 00:00,1305.25
1734,VN30,2024-08-21 00:00,1317.69
1735,VN30,2024-08-22 00:00,1318.57
1736,VN30,2024-08-23 00:00,1321.15
1737,VN30,2024-08-26 00:00,1318.6
1738,VN30,2024-08-27 00:00,1322.28
1739,VN30,2024-08-28 00:00,1323.54
1740,VN30,2024-08-29 00:00,1326.67
1741,VN30,2024-08-30 00:00,1331.52
1742,VN30,2024-09-04 00:00,1317.71
1743,VN30,2024-09-05 00:00,1309.05
1744,VN30,2024-09-06 00:00,1315.39
1745,VN30,2024-09-09 00:00,1307.15
1746,VN30,2024-09-10 00:00,1294.06
1747,VN30,2024-09-11 00:00,1293.88
1748,VN30,2024-09-12 00:00,1297.61
1749,VN30,2024-09-13 00:00,1294.3
1750,VN30,2024-09-16 00:00,1281.37
1751,VN30,2024-09-17 00:00,1303.65
1752,VN30,2024-09-18 00:00,1310.94
1753,VN30,2024-09-19 00:00,1318.41
1754,VN30,2024-09-20 00:00,1326.0
1755,VN30,2024-09-23 00:00,1321.12
1756,VN30,2024-09-24 00:00,1330.87
1757,VN30,2024-09-25 00:00,1344.07
1758,VN30,2024-09-26 00:00,1350.85
1759,VN30,2024-09-27 00:00,1352.57
1760,VN30,2024-09-30 00:00,1352.56
1761,VN30,2024-10-01 00:00,1358.88
1762,VN30,2024-10-02 00:00,1354.51
1763,VN30,2024-10-03 00:00,1346.46
1764,VN30,2024-10-04 00:00,1336.21
1765,VN30,2024-10-07 00:00,1335.48
1766,VN30,2024-10-08 00:00,1339.05
1767,VN30,2024-10-09 00:00,1351.97
1768,VN30,2024-10-10 00:00,1360.58
1769,VN30,2024-10-11 00:00,1362.5
1770,VN30,2024-10-14 00:00,1358.76
1771,VN30,2024-10-15 00:00,1356.09
1772,VN30,2024-10-16 00:00,1354.1
1773,VN30,2024-10-17 00:00,1362.89
1774,VN30,2024-10-18 00:00,1362.69
1775,VN30,2024-10-21 00:00,1358.03
1776,VN30,2024-10-22 00:00,1348.92
1777,VN30,2024-10-23 00:00,1349.72
1778,VN30,2024-10-24 00:00,1329.62
1779,VN30,2024-10-25 00:00,1325.54
1780,VN30,2024-10-28 00:00,1328.33
1781,VN30,2024-10-29 00:00,1335.76
1782,VN30,2024-10-30 00:00,1333.85
1783,VN30,2024-10-31 00:00,1338.6
1784,VN30,2024-11-01 00:00,1325.62
1785,VN30,2024-11-04 00:00,1312.64
1786,VN30,2024-11-05 00:00,1313.35
1787,VN30,2024-11-06 00:00,1329.56
1788,VN30,2024-11-07 00:00,1326.65
1789,VN30,2024-11-08 00:00,1317.34
1790,VN30,2024-11-11 00:00,1310.46
1791,VN30,2024-11-12 00:00,1301.95
1792,VN30,2024-11-13 00:00,1304.04
1793,VN30,2024-11-14 00:00,1286.65
1794,VN30,2024-11-15 00:00,1271.22
1795,VN30,2024-11-18 00:00,1270.23
1796,VN30,2024-11-19 00:00,1259.08
1797,VN30,2024-11-20 00:00,1271.73
1798,VN30,2024-11-21 00:00,1286.67
1799,VN30,2024-11-22 00:00,1286.07
1800,VN30,2024-11-25 00:00,1291.94
1801,VN30,2024-11-26 00:00,1299.22
1802,VN30,2024-11-27 00:00,1301.06
1803,VN30,2024-11-28 00:00,1301.52
1804,VN30,2024-11-29 00:00,1311.26
1805,VN30,2024-12-02 00:00,1308.83
1806,VN30,2024-12-03 00:00,1309.18
1807,VN30,2024-12-04 00:00,1297.81
1808,VN30,2024-12-05 00:00,1337.55
1809,VN30,2024-12-06 00:00,1337.28
1810,VN30,2024-12-09 00:00,1336.18
1811,VN30,2024-12-10 00:00,1335.85
1812,VN30,2024-12-11 00:00,1336.48
1813,VN30,2024-12-12 00:00,1335.55
1814,VN30,2024-12-13 00:00,1331.58
1815,VN30,2024-12-16 00:00,1331.82
1816,VN30,2024-12-17 00:00,1327.63
1817,VN30,2024-12-18 00:00,1329.83
1818,VN30,2024-12-19 00:00,1314.16
1819,VN30,2024-12-20 00:00,1317.77
1820,VN30,2024-12-23 00:00,1323.02
1821,VN30,2024-12-24 00:00,1323.27
1822,VN30,2024-12-25 00:00,1342.48
1823,VN30,2024-12-26 00:00,1342.68
1824,VN30,2024-12-27 00:00,1346.84
1825,VN30,2024-12-30 00:00,1347.35
1826,VN30,2024-12-31 00:00,1344.75
1827,VN30,2025-01-02 00:00,1343.2
1828,VN30,2025-01-03 00:00,1320.58
1829,VN30,2025-01-06 00:00,1313.04
1830,VN30,2025-01-07 00:00,1315.28
1831,VN30,2025-01-08 00:00,1316.63
1832,VN30,2025-01-09 00:00,1310.8
1833,VN30,2025-01-10 00:00,1293.23
1834,VN30,2025-01-13 00:00,1298.34
1835,VN30,2025-01-14 00:00,1289.23
1836,VN30,2025-01-15 00:00,1297.64
1837,VN30,2025-01-16 00:00,1303.25
1838,VN30,2025-01-17 00:00,1313.48
1839,VN30,2025-01-20 00:00,1316.95
1840,VN30,2025-01-21 00:00,1314.81
1841,VN30,2025-01-22 00:00,1309.72
1842,VN30,2025-01-23 00:00,1332.54
1843,VN30,2025-01-24 00:00,1337.59
1844,VN30,2025-02-03 00:00,1315.46
1845,VN30,2025-02-04 00:00,1327.21
1846,VN30,2025-02-05 00:00,1331.35
1847,VN30,2025-02-06 00:00,1336.59
1848,VN30,2025-02-07 00:00,1340.8
1849,VN30,2025-02-10 00:00,1330.88
1850,VN30,2025-02-11 00:00,1338.4
1851,VN30,2025-02-12 00:00,1335.68
1852,VN30,2025-02-13 00:00,1337.78
1853,VN30,2025-02-14 00:00,1340.52
1854,VN30,2025-02-17 00:00,1334.01
1855,VN30,2025-02-18 00:00,1337.39
1856,VN30,2025-02-19 00:00,1344.64
1857,VN30,2025-02-20 00:00,1349.45
1858,VN30,2025-02-21 00:00,1353.73
1859,VN30,2025-02-24 00:00,1364.52
1860,VN30,2025-02-25 00:00,1360.56
1861,VN30,2025-02-26 00:00,1360.56
1862,VN30,2025-02-27 00:00,1363.62
1863,VN30,2025-02-28 00:00,1356.43
1864,VN30,2025-03-03 00:00,1361.16
1865,VN30,2025-03-04 00:00,1367.97
1866,VN30,2025-03-05 00:00,1363.91
1867,VN30,2025-03-06 00:00,1379.62
1868,VN30,2025-03-07 00:00,1389.77
1869,VN30,2025-03-10 00:00,1391.07
1870,VN30,2025-03-11 00:00,1393.57
1871,VN30,2025-03-12 00:00,1392.39
1872,VN30,2025-03-13 00:00,1387.3
1873,VN30,2025-03-14 00:00,1387.03
1874,VN30,2025-03-17 00:00,1394.9
1875,VN30,2025-03-18 00:00,1388.64
1876,VN30,2025-03-19 00:00,1377.63
1877,VN30,2025-03-20 00:00,1378.95
1878,VN30,2025-03-21 00:00,1378.27
1879,VN30,2025-03-24 00:00,1390.7
1880,VN30,2025-03-25 00:00,1388.79
1881,VN30,2025-03-26 00:00,1381.47
1882,VN30,2025-03-27 00:00,1380.26
1883,VN30,2025-03-28 00:00,1373.93
1884,VN30,2025-03-31 00:00,1363.88
1885,VN30,2025-04-01 00:00,1376.91
1886,VN30,2025-04-02 00:00,1376.94
1887,VN30,2025-04-03 00:00,1283.18
1888,VN30,2025-04-04 00:00,1280.52
1889,VN30,2025-04-08 00:00,1197.51
1890,VN30,2025-04-09 00:00,1168.68
1891,VN30,2025-04-10 00:00,1249.29
1892,VN30,2025-04-11 00:00,1309.94
1893,VN30,2025-04-14 00:00,1325.87
1894,VN30,2025-04-15 00:00,1310.76
1895,VN30,2025-04-16 00:00,1293.25
1896,VN30,2025-04-17 00:00,1303.03
1897,VN30,2025-04-18 00:00,1306.24
1898,VN30,2025-04-21 00:00,1294.29
1899,VN30,2025-04-22 00:00,1290.38
1900,VN30,2025-04-23 00:00,1303.04
1901,VN30,2025-04-24 00:00,1311.66
1902,VN30,2025-04-25 00:00,1317.18
1903,VN30,2025-04-28 00:00,1312.32
1904,VN30,2025-04-29 00:00,1309.73
1905,VN30,2025-05-05 00:00,1320.41
1906,VN30,2025-05-06 00:00,1319.66
1907,VN30,2025-05-07 00:00,1324.8
1908,VN30,2025-05-08 00:00,1351.1
1909,VN30,2025-05-09 00:00,1352.25
1910,VN30,2025-05-12 00:00,1372.04
1911,VN30,2025-05-13 00:00,1382.78
1912,VN30,2025-05-14 00:00,1397.87
1913,VN30,2025-05-15 00:00,1401.49
1914,VN30,2025-05-16 00:00,1384.44
1915,VN30,2025-05-19 00:00,1379.75
1916,VN30,2025-05-20 00:00,1407.52
1917,VN30,2025-05-21 00:00,1419.36
1918,VN30,2025-05-22 00:00,1409.56
1919,VN30,2025-05-23 00:00,1409.4
1920,VN30,2025-05-26 00:00,1423.85
1921,VN30,2025-05-27 00:00,1427.45
1922,VN30,2025-05-28 00:00,1432.19
1923,VN30,2025-05-29 00:00,1431.57
1924,VN30,2025-05-30 00:00,1423.68
1925,VN30,2025-06-02 00:00,1423.04
1926,VN30,2025-06-03 00:00,1437.87
1927,VN30,2025-06-04 00:00,1435.28
1928,VN30,2025-06-05 00:00,1432.38
1929,VN30,2025-06-06 00:00,1418.97
1930,VN30,2025-06-09 00:00,1396.56
1931,VN30,2025-06-10 00:00,1404.82
1932,VN30,2025-06-11 00:00,1405.15
1933,VN30,2025-06-12 00:00,1412.16
1934,VN30,2025-06-13 00:00,1401.2
1935,VN30,2025-06-16 00:00,1420.35
1936,VN30,2025-06-17 00:00,1431.39
1937,VN30,2025-06-18 00:00,1432.99
1938,VN30,2025-06-19 00:00,1439.3
1939,VN30,2025-06-20 00:00,1435.19
1940,VN30,2025-06-23 00:00,1448.32
1941,VN30,2025-06-24 00:00,1462.8
1942,VN30,2025-06-25 00:00,1465.36
1943,VN30,2025-06-26 00:00,1463.57
1944,VN30,2025-06-27 00:00,1475.89
1945,VN30,2025-06-30 00:00,1477.56
1946,VN30,2025-07-01 00:00,1476.16
1947,VN30,2025-07-02 00:00,1482.76
1948,VN30,2025-07-03 00:00,1481.2
1949,VN30,2025-07-04 00:00,1488.77
1950,VN30,2025-07-07 00:00,1508.66
1951,VN30,2025-07-08 00:00,1529.27
1952,VN30,2025-07-09 00:00,1543.27
1953,VN30,2025-07-10 00:00,1569.34
1954,VN30,2025-07-11 00:00,1594.01
1955,VN30,2025-07-14 00:00,1605.66
1956,VN30,2025-07-15 00:00,1593.84
1957,VN30,2025-07-16 00:00,1614.42
1958,VN30,2025-07-17 00:00,1634.7
1959,VN30,2025-07-18 00:00,1643.91
1960,VN30,2025-07-21 00:00,1628.06
1961,VN30,2025-07-22 00:00,1655.98
1962,VN30,2025-07-23 00:00,1653.01
1963,VN30,2025-07-24 00:00,1661.23
1964,VN30,2025-07-25 00:00,1669.33
1965,VN30,2025-07-28 00:00,1695.63
1966,VN30,2025-07-29 00:00,1621.29
1967,VN30,2025-07-30 00:00,1630.78
1968,VN30,2025-07-31 00:00,1615.23
1969,VN30,2025-08-01 00:00,1614.11
1970,VN30,2025-08-04 00:00,1653.22
1971,VN30,2025-08-05 00:00,1690.43
1972,VN30,2025-08-06 00:00,1723.31
1973,VN30,2025-08-07 00:00,1734.85
1974,VN30,2025-08-08 00:00,1729.08
1975,VN30,2025-08-11 00:00,1741.9
1976,VN30,2025-08-12 00:00,1755.25
1977,VN30,2025-08-13 00:00,1753.71
1978,VN30,2025-08-14 00:00,1793.78
1979,VN30,2025-08-15 00:00,1783.25
1980,VN30,2025-08-18 00:00,1786.37
1981,VN30,2025-08-19 00:00,1810.46
1982,VN30,2025-08-20 00:00,1828.46
1983,VN30,2025-08-21 00:00,1874.91
1984,VN30,2025-08-22 00:00,1814.02
1985,VN30,2025-08-25 00:00,1783.12
1986,VN30,2025-08-26 00:00,1849.05
1987,VN30,2025-08-27 00:00,1848.55
1988,VN30,2025-08-28 00:00,1861.2
1989,VN30,2025-08-29 00:00,1865.38
1990,VN30,2025-09-03 00:00,1859.59
1991,VN30,2025-09-04 00:00,1883.59
1992,VNINDEX,2023-01-03 00:00,1043.9
1993,VNINDEX,2023-01-04 00:00,1046.35
1994,VNINDEX,2023-01-05 00:00,1055.82
1995,VNINDEX,2023-01-06 00:00,1051.44
1996,VNINDEX,2023-01-09 00:00,1054.21
1997,VNINDEX,2023-01-10 00:00,1053.35
1998,VNINDEX,2023-01-11 00:00,1055.76
1999,VNINDEX,2023-01-12 00:00,1056.39
2000,VNINDEX,2023-01-13 00:00,1060.17
2001,VNINDEX,2023-01-16 00:00,1066.68
2002,VNINDEX,2023-01-17 00:00,1088.29
2003,VNINDEX,2023-01-18 00:00,1098.28
2004,VNINDEX,2023-01-19 00:00,1108.08
2005,VNINDEX,2023-01-27 00:00,1117.1
2006,VNINDEX,2023-01-30 00:00,1102.57
2007,VNINDEX,2023-01-31 00:00,1111.18
2008,VNINDEX,2023-02-01 00:00,1075.97
2009,VNINDEX,2023-02-02 00:00,1077.59
2010,VNINDEX,2023-02-03 00:00,1077.15
2011,VNINDEX,2023-02-06 00:00,1089.29
2012,VNINDEX,2023-02-07 00:00,1065.84
2013,VNINDEX,2023-02-08 00:00,1072.22
2014,VNINDEX,2023-02-09 00:00,1064.03
2015,VNINDEX,2023-02-10 00:00,1055.3
2016,VNINDEX,2023-02-13 00:00,1043.7
2017,VNINDEX,2023-02-14 00:00,1038.64
2018,VNINDEX,2023-02-15 00:00,1048.2
2019,VNINDEX,2023-02-16 00:00,1058.29
2020,VNINDEX,2023-02-17 00:00,1059.31
2021,VNINDEX,2023-02-20 00:00,1086.69
2022,VNINDEX,2023-02-21 00:00,1082.23
2023,VNINDEX,2023-02-22 00:00,1054.28
2024,VNINDEX,2023-02-23 00:00,1053.66
2025,VNINDEX,2023-02-24 00:00,1039.56
2026,VNINDEX,2023-02-27 00:00,1021.25
2027,VNINDEX,2023-02-28 00:00,1024.68
2028,VNINDEX,2023-03-01 00:00,1040.55
2029,VNINDEX,2023-03-02 00:00,1037.61
2030,VNINDEX,2023-03-03 00:00,1024.77
2031,VNINDEX,2023-03-06 00:00,1027.18
2032,VNINDEX,2023-03-07 00:00,1037.84
2033,VNINDEX,2023-03-08 00:00,1049.18
2034,VNINDEX,2023-03-09 00:00,1055.95
2035,VNINDEX,2023-03-10 00:00,1053.0
2036,VNINDEX,2023-03-13 00:00,1052.8
2037,VNINDEX,2023-03-14 00:00,1040.13
2038,VNINDEX,2023-03-15 00:00,1062.19
2039,VNINDEX,2023-03-16 00:00,1047.4
2040,VNINDEX,2023-03-17 00:00,1045.14
2041,VNINDEX,2023-03-20 00:00,1023.1
2042,VNINDEX,2023-03-21 00:00,1032.43
2043,VNINDEX,2023-03-22 00:00,1040.54
2044,VNINDEX,2023-03-23 00:00,1045.1
2045,VNINDEX,2023-03-24 00:00,1046.79
2046,VNINDEX,2023-03-27 00:00,1052.25
2047,VNINDEX,2023-03-28 00:00,1054.29
2048,VNINDEX,2023-03-29 00:00,1056.33
2049,VNINDEX,2023-03-30 00:00,1059.44
2050,VNINDEX,2023-03-31 00:00,1064.64
2051,VNINDEX,2023-04-03 00:00,1079.28
2052,VNINDEX,2023-04-04 00:00,1078.45
2053,VNINDEX,2023-04-05 00:00,1080.86
2054,VNINDEX,2023-04-06 00:00,1070.91
2055,VNINDEX,2023-04-07 00:00,1069.71
2056,VNINDEX,2023-04-10 00:00,1065.35
2057,VNINDEX,2023-04-11 00:00,1069.46
2058,VNINDEX,2023-04-12 00:00,1069.45
2059,VNINDEX,2023-04-13 00:00,1064.3
2060,VNINDEX,2023-04-14 00:00,1052.89
2061,VNINDEX,2023-04-17 00:00,1053.81
2062,VNINDEX,2023-04-18 00:00,1055.02
2063,VNINDEX,2023-04-19 00:00,1048.98
2064,VNINDEX,2023-04-20 00:00,1049.25
2065,VNINDEX,2023-04-21 00:00,1042.91
2066,VNINDEX,2023-04-24 00:00,1041.36
2067,VNINDEX,2023-04-25 00:00,1034.85
2068,VNINDEX,2023-04-26 00:00,1040.8
2069,VNINDEX,2023-04-27 00:00,1039.63
2070,VNINDEX,2023-04-28 00:00,1049.12
2071,VNINDEX,2023-05-04 00:00,1040.61
2072,VNINDEX,2023-05-05 00:00,1040.31
2073,VNINDEX,2023-05-08 00:00,1053.44
2074,VNINDEX,2023-05-09 00:00,1053.77
2075,VNINDEX,2023-05-10 00:00,1058.26
2076,VNINDEX,2023-05-11 00:00,1057.12
2077,VNINDEX,2023-05-12 00:00,1066.9
2078,VNINDEX,2023-05-15 00:00,1065.71
2079,VNINDEX,2023-05-16 00:00,1065.91
2080,VNINDEX,2023-05-17 00:00,1060.44
2081,VNINDEX,2023-05-18 00:00,1068.31
2082,VNINDEX,2023-05-19 00:00,1067.07
2083,VNINDEX,2023-05-22 00:00,1070.64
2084,VNINDEX,2023-05-23 00:00,1065.85
2085,VNINDEX,2023-05-24 00:00,1061.79
2086,VNINDEX,2023-05-25 00:00,1064.63
2087,VNINDEX,2023-05-26 00:00,1063.76
2088,VNINDEX,2023-05-29 00:00,1074.98
2089,VNINDEX,2023-05-30 00:00,1078.05
2090,VNINDEX,2023-05-31 00:00,1075.17
2091,VNINDEX,2023-06-01 00:00,1078.39
2092,VNINDEX,2023-06-02 00:00,1090.84
2093,VNINDEX,2023-06-05 00:00,1097.82
2094,VNINDEX,2023-06-06 00:00,1108.31
2095,VNINDEX,2023-06-07 00:00,1109.54
2096,VNINDEX,2023-06-08 00:00,1101.32
2097,VNINDEX,2023-06-09 00:00,1107.53
2098,VNINDEX,2023-06-12 00:00,1116.02
2099,VNINDEX,2023-06-13 00:00,1122.46
2100,VNINDEX,2023-06-14 00:00,1117.42
2101,VNINDEX,2023-06-15 00:00,1116.97
2102,VNINDEX,2023-06-16 00:00,1115.22
2103,VNINDEX,2023-06-19 00:00,1105.4
2104,VNINDEX,2023-06-20 00:00,1111.72
2105,VNINDEX,2023-06-21 00:00,1118.46
2106,VNINDEX,2023-06-22 00:00,1125.3
2107,VNINDEX,2023-06-23 00:00,1129.38
2108,VNINDEX,2023-06-26 00:00,1132.03
2109,VNINDEX,2023-06-27 00:00,1134.33
2110,VNINDEX,2023-06-28 00:00,1138.35
2111,VNINDEX,2023-06-29 00:00,1125.39
2112,VNINDEX,2023-06-30 00:00,1120.18
2113,VNINDEX,2023-07-03 00:00,1125.5
2114,VNINDEX,2023-07-04 00:00,1132.0
2115,VNINDEX,2023-07-05 00:00,1134.62
2116,VNINDEX,2023-07-06 00:00,1126.22
2117,VNINDEX,2023-07-07 00:00,1138.07
2118,VNINDEX,2023-07-10 00:00,1149.02
2119,VNINDEX,2023-07-11 00:00,1151.77
2120,VNINDEX,2023-07-12 00:00,1154.2
2121,VNINDEX,2023-07-13 00:00,1165.42
2122,VNINDEX,2023-07-14 00:00,1168.4
2123,VNINDEX,2023-07-17 00:00,1173.13
2124,VNINDEX,2023-07-18 00:00,1174.09
2125,VNINDEX,2023-07-19 00:00,1172.98
2126,VNINDEX,2023-07-20 00:00,1172.81
2127,VNINDEX,2023-07-21 00:00,1185.9
2128,VNINDEX,2023-07-24 00:00,1190.72
2129,VNINDEX,2023-07-25 00:00,1195.9
2130,VNINDEX,2023-07-26 00:00,1200.84
2131,VNINDEX,2023-07-27 00:00,1197.33
2132,VNINDEX,2023-07-28 00:00,1207.67
2133,VNINDEX,2023-07-31 00:00,1222.9
2134,VNINDEX,2023-08-01 00:00,1217.56
2135,VNINDEX,2023-08-02 00:00,1220.43
2136,VNINDEX,2023-08-03 00:00,1210.95
2137,VNINDEX,2023-08-04 00:00,1225.98
2138,VNINDEX,2023-08-07 00:00,1241.42
2139,VNINDEX,2023-08-08 00:00,1242.23
2140,VNINDEX,2023-08-09 00:00,1233.99
2141,VNINDEX,2023-08-10 00:00,1220.61
2142,VNINDEX,2023-08-11 00:00,1232.21
2143,VNINDEX,2023-08-14 00:00,1236.84
2144,VNINDEX,2023-08-15 00:00,1234.05
2145,VNINDEX,2023-08-16 00:00,1243.26
2146,VNINDEX,2023-08-17 00:00,1233.48
2147,VNINDEX,2023-08-18 00:00,1177.99
2148,VNINDEX,2023-08-21 00:00,1179.76
2149,VNINDEX,2023-08-22 00:00,1180.49
2150,VNINDEX,2023-08-23 00:00,1172.56
2151,VNINDEX,2023-08-24 00:00,1189.39
2152,VNINDEX,2023-08-25 00:00,1183.37
2153,VNINDEX,2023-08-28 00:00,1201.72
2154,VNINDEX,2023-08-29 00:00,1204.43
2155,VNINDEX,2023-08-30 00:00,1213.16
2156,VNINDEX,2023-08-31 00:00,1224.05
2157,VNINDEX,2023-09-05 00:00,1234.98
2158,VNINDEX,2023-09-06 00:00,1245.5
2159,VNINDEX,2023-09-07 00:00,1243.14
2160,VNINDEX,2023-09-08 00:00,1241.48
2161,VNINDEX,2023-09-11 00:00,1223.63
2162,VNINDEX,2023-09-12 00:00,1245.44
2163,VNINDEX,2023-09-13 00:00,1238.39
2164,VNINDEX,2023-09-14 00:00,1223.81
2165,VNINDEX,2023-09-15 00:00,1227.36
2166,VNINDEX,2023-09-18 00:00,1211.81
2167,VNINDEX,2023-09-19 00:00,1211.5
2168,VNINDEX,2023-09-20 00:00,1226.11
2169,VNINDEX,2023-09-21 00:00,1212.74
2170,VNINDEX,2023-09-22 00:00,1193.05
2171,VNINDEX,2023-09-25 00:00,1153.2
2172,VNINDEX,2023-09-26 00:00,1137.96
2173,VNINDEX,2023-09-27 00:00,1153.85
2174,VNINDEX,2023-09-28 00:00,1152.43
2175,VNINDEX,2023-09-29 00:00,1154.15
2176,VNINDEX,2023-10-02 00:00,1155.25
2177,VNINDEX,2023-10-03 00:00,1118.1
2178,VNINDEX,2023-10-04 00:00,1128.67
2179,VNINDEX,2023-10-05 00:00,1113.89
2180,VNINDEX,2023-10-06 00:00,1128.54
2181,VNINDEX,2023-10-09 00:00,1137.36
2182,VNINDEX,2023-10-10 00:00,1143.69
2183,VNINDEX,2023-10-11 00:00,1150.81
2184,VNINDEX,2023-10-12 00:00,1151.61
2185,VNINDEX,2023-10-13 00:00,1154.73
2186,VNINDEX,2023-10-16 00:00,1141.42
2187,VNINDEX,2023-10-17 00:00,1121.65
2188,VNINDEX,2023-10-18 00:00,1103.4
2189,VNINDEX,2023-10-19 00:00,1087.85
2190,VNINDEX,2023-10-20 00:00,1108.03
2191,VNINDEX,2023-10-23 00:00,1093.53
2192,VNINDEX,2023-10-24 00:00,1105.9
2193,VNINDEX,2023-10-25 00:00,1101.66
2194,VNINDEX,2023-10-26 00:00,1055.45
2195,VNINDEX,2023-10-27 00:00,1060.62
2196,VNINDEX,2023-10-30 00:00,1042.4
2197,VNINDEX,2023-10-31 00:00,1028.19
2198,VNINDEX,2023-11-01 00:00,1039.66
2199,VNINDEX,2023-11-02 00:00,1075.47
2200,VNINDEX,2023-11-03 00:00,1076.78
2201,VNINDEX,2023-11-06 00:00,1089.66
2202,VNINDEX,2023-11-07 00:00,1080.29
2203,VNINDEX,2023-11-08 00:00,1113.43
2204,VNINDEX,2023-11-09 00:00,1113.89
2205,VNINDEX,2023-11-10 00:00,1101.68
2206,VNINDEX,2023-11-13 00:00,1100.07
2207,VNINDEX,2023-11-14 00:00,1109.73
2208,VNINDEX,2023-11-15 00:00,1122.5
2209,VNINDEX,2023-11-16 00:00,1125.53
2210,VNINDEX,2023-11-17 00:00,1101.19
2211,VNINDEX,2023-11-20 00:00,1103.66
2212,VNINDEX,2023-11-21 00:00,1110.46
2213,VNINDEX,2023-11-22 00:00,1113.82
2214,VNINDEX,2023-11-23 00:00,1088.49
2215,VNINDEX,2023-11-24 00:00,1095.61
2216,VNINDEX,2023-11-27 00:00,1088.06
2217,VNINDEX,2023-11-28 00:00,1095.43
2218,VNINDEX,2023-11-29 00:00,1102.8
2219,VNINDEX,2023-11-30 00:00,1094.13
2220,VNINDEX,2023-12-01 00:00,1102.16
2221,VNINDEX,2023-12-04 00:00,1120.49
2222,VNINDEX,2023-12-05 00:00,1115.97
2223,VNINDEX,2023-12-06 00:00,1126.43
2224,VNINDEX,2023-12-07 00:00,1121.49
2225,VNINDEX,2023-12-08 00:00,1124.44
2226,VNINDEX,2023-12-11 00:00,1125.5
2227,VNINDEX,2023-12-12 00:00,1127.63
2228,VNINDEX,2023-12-13 00:00,1114.2
2229,VNINDEX,2023-12-14 00:00,1110.13
2230,VNINDEX,2023-12-15 00:00,1102.3
2231,VNINDEX,2023-12-18 00:00,1091.88
2232,VNINDEX,2023-12-19 00:00,1096.3
2233,VNINDEX,2023-12-20 00:00,1100.76
2234,VNINDEX,2023-12-21 00:00,1102.43
2235,VNINDEX,2023-12-22 00:00,1103.06
2236,VNINDEX,2023-12-25 00:00,1117.66
2237,VNINDEX,2023-12-26 00:00,1122.25
2238,VNINDEX,2023-12-27 00:00,1121.99
2239,VNINDEX,2023-12-28 00:00,1128.93
2240,VNINDEX,2023-12-29 00:00,1129.93
2241,VNINDEX,2024-01-02 00:00,1131.72
2242,VNINDEX,2024-01-03 00:00,1144.17
2243,VNINDEX,2024-01-04 00:00,1150.72
2244,VNINDEX,2024-01-05 00:00,1154.68
2245,VNINDEX,2024-01-08 00:00,1160.19
2246,VNINDEX,2024-01-09 00:00,1158.59
2247,VNINDEX,2024-01-10 00:00,1161.54
2248,VNINDEX,2024-01-11 00:00,1162.22
2249,VNINDEX,2024-01-12 00:00,1154.7
2250,VNINDEX,2024-01-15 00:00,1154.12
2251,VNINDEX,2024-01-16 00:00,1163.12
2252,VNINDEX,2024-01-17 00:00,1162.53
2253,VNINDEX,2024-01-18 00:00,1169.06
2254,VNINDEX,2024-01-19 00:00,1181.5
2255,VNINDEX,2024-01-22 00:00,1182.86
2256,VNINDEX,2024-01-23 00:00,1177.5
2257,VNINDEX,2024-01-24 00:00,1172.97
2258,VNINDEX,2024-01-25 00:00,1170.37
2259,VNINDEX,2024-01-26 00:00,1175.67
2260,VNINDEX,2024-01-29 00:00,1175.69
2261,VNINDEX,2024-01-30 00:00,1179.65
2262,VNINDEX,2024-01-31 00:00,1164.31
2263,VNINDEX,2024-02-01 00:00,1173.02
2264,VNINDEX,2024-02-02 00:00,1172.55
2265,VNINDEX,2024-02-05 00:00,1186.06
2266,VNINDEX,2024-02-06 00:00,1188.48
2267,VNINDEX,2024-02-07 00:00,1198.53
2268,VNINDEX,2024-02-15 00:00,1202.5
2269,VNINDEX,2024-02-16 00:00,1209.7
2270,VNINDEX,2024-02-19 00:00,1224.97
2271,VNINDEX,2024-02-20 00:00,1230.06
2272,VNINDEX,2024-02-21 00:00,1230.04
2273,VNINDEX,2024-02-22 00:00,1227.31
2274,VNINDEX,2024-02-23 00:00,1212.0
2275,VNINDEX,2024-02-26 00:00,1224.17
2276,VNINDEX,2024-02-27 00:00,1237.46
2277,VNINDEX,2024-02-28 00:00,1254.55
2278,VNINDEX,2024-02-29 00:00,1252.73
2279,VNINDEX,2024-03-01 00:00,1258.28
2280,VNINDEX,2024-03-04 00:00,1261.41
2281,VNINDEX,2024-03-05 00:00,1269.98
2282,VNINDEX,2024-03-06 00:00,1262.73
2283,VNINDEX,2024-03-07 00:00,1268.46
2284,VNINDEX,2024-03-08 00:00,1247.35
2285,VNINDEX,2024-03-11 00:00,1235.49
2286,VNINDEX,2024-03-12 00:00,1245.0
2287,VNINDEX,2024-03-13 00:00,1270.51
2288,VNINDEX,2024-03-14 00:00,1264.26
2289,VNINDEX,2024-03-15 00:00,1263.78
2290,VNINDEX,2024-03-18 00:00,1243.56
2291,VNINDEX,2024-03-19 00:00,1242.46
2292,VNINDEX,2024-03-20 00:00,1260.08
2293,VNINDEX,2024-03-21 00:00,1276.42
2294,VNINDEX,2024-03-22 00:00,1281.8
2295,VNINDEX,2024-03-25 00:00,1267.86
2296,VNINDEX,2024-03-26 00:00,1282.21
2297,VNINDEX,2024-03-27 00:00,1283.09
2298,VNINDEX,2024-03-28 00:00,1290.18
2299,VNINDEX,2024-03-29 00:00,1284.09
2300,VNINDEX,2024-04-01 00:00,1281.52
2301,VNINDEX,2024-04-02 00:00,1287.04
2302,VNINDEX,2024-04-03 00:00,1271.47
2303,VNINDEX,2024-04-04 00:00,1268.25
2304,VNINDEX,2024-04-05 00:00,1255.11
2305,VNINDEX,2024-04-08 00:00,1250.35
2306,VNINDEX,2024-04-09 00:00,1262.82
2307,VNINDEX,2024-04-10 00:00,1258.56
2308,VNINDEX,2024-04-11 00:00,1258.2
2309,VNINDEX,2024-04-12 00:00,1276.6
2310,VNINDEX,2024-04-15 00:00,1216.61
2311,VNINDEX,2024-04-16 00:00,1215.68
2312,VNINDEX,2024-04-17 00:00,1193.01
2313,VNINDEX,2024-04-19 00:00,1174.85
2314,VNINDEX,2024-04-22 00:00,1190.22
2315,VNINDEX,2024-04-23 00:00,1177.4
2316,VNINDEX,2024-04-24 00:00,1205.61
2317,VNINDEX,2024-04-25 00:00,1204.97
2318,VNINDEX,2024-04-26 00:00,1209.52
2319,VNINDEX,2024-05-02 00:00,1216.36
2320,VNINDEX,2024-05-03 00:00,1221.03
2321,VNINDEX,2024-05-06 00:00,1241.58
2322,VNINDEX,2024-05-07 00:00,1248.63
2323,VNINDEX,2024-05-08 00:00,1250.46
2324,VNINDEX,2024-05-09 00:00,1248.64
2325,VNINDEX,2024-05-10 00:00,1244.7
2326,VNINDEX,2024-05-13 00:00,1240.18
2327,VNINDEX,2024-05-14 00:00,1243.28
2328,VNINDEX,2024-05-15 00:00,1254.39
2329,VNINDEX,2024-05-16 00:00,1268.78
2330,VNINDEX,2024-05-17 00:00,1273.11
2331,VNINDEX,2024-05-20 00:00,1277.58
2332,VNINDEX,2024-05-21 00:00,1277.14
2333,VNINDEX,2024-05-22 00:00,1266.91
2334,VNINDEX,2024-05-23 00:00,1281.03
2335,VNINDEX,2024-05-24 00:00,1261.93
2336,VNINDEX,2024-05-27 00:00,1267.68
2337,VNINDEX,2024-05-28 00:00,1281.73
2338,VNINDEX,2024-05-29 00:00,1272.64
2339,VNINDEX,2024-05-30 00:00,1266.32
2340,VNINDEX,2024-05-31 00:00,1261.72
2341,VNINDEX,2024-06-03 00:00,1280.0
2342,VNINDEX,2024-06-04 00:00,1283.52
2343,VNINDEX,2024-06-05 00:00,1284.35
2344,VNINDEX,2024-06-06 00:00,1283.56
2345,VNINDEX,2024-06-07 00:00,1287.58
2346,VNINDEX,2024-06-10 00:00,1290.67
2347,VNINDEX,2024-06-11 00:00,1284.41
2348,VNINDEX,2024-06-12 00:00,1300.19
2349,VNINDEX,2024-06-13 00:00,1301.51
2350,VNINDEX,2024-06-14 00:00,1279.91
2351,VNINDEX,2024-06-17 00:00,1274.77
2352,VNINDEX,2024-06-18 00:00,1279.5
2353,VNINDEX,2024-06-19 00:00,1279.79
2354,VNINDEX,2024-06-20 00:00,1282.3
2355,VNINDEX,2024-06-21 00:00,1282.02
2356,VNINDEX,2024-06-24 00:00,1254.12
2357,VNINDEX,2024-06-25 00:00,1256.56
2358,VNINDEX,2024-06-26 00:00,1261.24
2359,VNINDEX,2024-06-27 00:00,1259.09
2360,VNINDEX,2024-06-28 00:00,1245.32
2361,VNINDEX,2024-07-01 00:00,1254.56
2362,VNINDEX,2024-07-02 00:00,1269.79
2363,VNINDEX,2024-07-03 00:00,1276.85
2364,VNINDEX,2024-07-04 00:00,1279.89
2365,VNINDEX,2024-07-05 00:00,1283.04
2366,VNINDEX,2024-07-08 00:00,1283.56
2367,VNINDEX,2024-07-09 00:00,1293.71
2368,VNINDEX,2024-07-10 00:00,1285.94
2369,VNINDEX,2024-07-11 00:00,1283.8
2370,VNINDEX,2024-07-12 00:00,1280.75
2371,VNINDEX,2024-07-15 00:00,1279.82
2372,VNINDEX,2024-07-16 00:00,1281.18
2373,VNINDEX,2024-07-17 00:00,1268.66
2374,VNINDEX,2024-07-18 00:00,1274.44
2375,VNINDEX,2024-07-19 00:00,1264.78
2376,VNINDEX,2024-07-22 00:00,1254.64
2377,VNINDEX,2024-07-23 00:00,1231.81
2378,VNINDEX,2024-07-24 00:00,1238.47
2379,VNINDEX,2024-07-25 00:00,1233.19
2380,VNINDEX,2024-07-26 00:00,1242.11
2381,VNINDEX,2024-07-29 00:00,1246.6
2382,VNINDEX,2024-07-30 00:00,1245.06
2383,VNINDEX,2024-07-31 00:00,1251.51
2384,VNINDEX,2024-08-01 00:00,1226.96
2385,VNINDEX,2024-08-02 00:00,1236.6
2386,VNINDEX,2024-08-05 00:00,1188.07
2387,VNINDEX,2024-08-06 00:00,1210.28
2388,VNINDEX,2024-08-07 00:00,1215.88
2389,VNINDEX,2024-08-08 00:00,1208.32
2390,VNINDEX,2024-08-09 00:00,1223.64
2391,VNINDEX,2024-08-12 00:00,1230.28
2392,VNINDEX,2024-08-13 00:00,1230.42
2393,VNINDEX,2024-08-14 00:00,1230.36
2394,VNINDEX,2024-08-15 00:00,1223.56
2395,VNINDEX,2024-08-16 00:00,1252.23
2396,VNINDEX,2024-08-19 00:00,1261.62
2397,VNINDEX,2024-08-20 00:00,1272.55
2398,VNINDEX,2024-08-21 00:00,1284.05
2399,VNINDEX,2024-08-22 00:00,1282.78
2400,VNINDEX,2024-08-23 00:00,1285.32
2401,VNINDEX,2024-08-26 00:00,1280.02
2402,VNINDEX,2024-08-27 00:00,1280.56
2403,VNINDEX,2024-08-28 00:00,1281.44
2404,VNINDEX,2024-08-29 00:00,1281.47
2405,VNINDEX,2024-08-30 00:00,1283.87
2406,VNINDEX,2024-09-04 00:00,1275.8
2407,VNINDEX,2024-09-05 00:00,1268.21
2408,VNINDEX,2024-09-06 00:00,1273.96
2409,VNINDEX,2024-09-09 00:00,1267.73
2410,VNINDEX,2024-09-10 00:00,1255.23
2411,VNINDEX,2024-09-11 00:00,1253.27
2412,VNINDEX,2024-09-12 00:00,1256.35
2413,VNINDEX,2024-09-13 00:00,1251.71
2414,VNINDEX,2024-09-16 00:00,1239.26
2415,VNINDEX,2024-09-17 00:00,1258.95
2416,VNINDEX,2024-09-18 00:00,1264.9
2417,VNINDEX,2024-09-19 00:00,1271.27
2418,VNINDEX,2024-09-20 00:00,1272.04
2419,VNINDEX,2024-09-23 00:00,1268.48
2420,VNINDEX,2024-09-24 00:00,1276.99
2421,VNINDEX,2024-09-25 00:00,1287.48
2422,VNINDEX,2024-09-26 00:00,1291.49
2423,VNINDEX,2024-09-27 00:00,1290.92
2424,VNINDEX,2024-09-30 00:00,1287.94
2425,VNINDEX,2024-10-01 00:00,1292.2
2426,VNINDEX,2024-10-02 00:00,1287.84
2427,VNINDEX,2024-10-03 00:00,1278.1
2428,VNINDEX,2024-10-04 00:00,1270.6
2429,VNINDEX,2024-10-07 00:00,1269.93
2430,VNINDEX,2024-10-08 00:00,1271.98
2431,VNINDEX,2024-10-09 00:00,1281.85
2432,VNINDEX,2024-10-10 00:00,1286.36
2433,VNINDEX,2024-10-11 00:00,1288.39
2434,VNINDEX,2024-10-14 00:00,1286.34
2435,VNINDEX,2024-10-15 00:00,1281.08
2436,VNINDEX,2024-10-16 00:00,1279.48
2437,VNINDEX,2024-10-17 00:00,1286.52
2438,VNINDEX,2024-10-18 00:00,1285.46
2439,VNINDEX,2024-10-21 00:00,1279.77
2440,VNINDEX,2024-10-22 00:00,1269.89
2441,VNINDEX,2024-10-23 00:00,1270.9
2442,VNINDEX,2024-10-24 00:00,1257.41
2443,VNINDEX,2024-10-25 00:00,1252.72
2444,VNINDEX,2024-10-28 00:00,1254.77
2445,VNINDEX,2024-10-29 00:00,1261.78
2446,VNINDEX,2024-10-30 00:00,1258.63
2447,VNINDEX,2024-10-31 00:00,1264.48
2448,VNINDEX,2024-11-01 00:00,1254.89
2449,VNINDEX,2024-11-04 00:00,1244.71
2450,VNINDEX,2024-11-05 00:00,1245.76
2451,VNINDEX,2024-11-06 00:00,1261.28
2452,VNINDEX,2024-11-07 00:00,1259.75
2453,VNINDEX,2024-11-08 00:00,1252.56
2454,VNINDEX,2024-11-11 00:00,1250.32
2455,VNINDEX,2024-11-12 00:00,1244.82
2456,VNINDEX,2024-11-13 00:00,1246.04
2457,VNINDEX,2024-11-14 00:00,1231.89
2458,VNINDEX,2024-11-15 00:00,1218.57
2459,VNINDEX,2024-11-18 00:00,1217.12
2460,VNINDEX,2024-11-19 00:00,1205.15
2461,VNINDEX,2024-11-20 00:00,1216.54
2462,VNINDEX,2024-11-21 00:00,1228.33
2463,VNINDEX,2024-11-22 00:00,1228.1
2464,VNINDEX,2024-11-25 00:00,1234.7
2465,VNINDEX,2024-11-26 00:00,1242.13
2466,VNINDEX,2024-11-27 00:00,1241.97
2467,VNINDEX,2024-11-28 00:00,1242.11
2468,VNINDEX,2024-11-29 00:00,1250.46
2469,VNINDEX,2024-12-02 00:00,1251.21
2470,VNINDEX,2024-12-03 00:00,1249.83
2471,VNINDEX,2024-12-04 00:00,1240.41
2472,VNINDEX,2024-12-05 00:00,1267.53
2473,VNINDEX,2024-12-06 00:00,1270.14
2474,VNINDEX,2024-12-09 00:00,1273.84
2475,VNINDEX,2024-12-10 00:00,1272.07
2476,VNINDEX,2024-12-11 00:00,1268.86
2477,VNINDEX,2024-12-12 00:00,1267.35
2478,VNINDEX,2024-12-13 00:00,1262.57
2479,VNINDEX,2024-12-16 00:00,1263.79
2480,VNINDEX,2024-12-17 00:00,1261.72
2481,VNINDEX,2024-12-18 00:00,1266.0
2482,VNINDEX,2024-12-19 00:00,1254.67
2483,VNINDEX,2024-12-20 00:00,1257.5
2484,VNINDEX,2024-12-23 00:00,1262.76
2485,VNINDEX,2024-12-24 00:00,1260.36
2486,VNINDEX,2024-12-25 00:00,1274.04
2487,VNINDEX,2024-12-26 00:00,1272.87
2488,VNINDEX,2024-12-27 00:00,1275.14
2489,VNINDEX,2024-12-30 00:00,1272.02
2490,VNINDEX,2024-12-31 00:00,1266.78
2491,VNINDEX,2025-01-02 00:00,1269.71
2492,VNINDEX,2025-01-03 00:00,1254.59
2493,VNINDEX,2025-01-06 00:00,1246.35
2494,VNINDEX,2025-01-07 00:00,1246.95
2495,VNINDEX,2025-01-08 00:00,1251.02
2496,VNINDEX,2025-01-09 00:00,1245.77
2497,VNINDEX,2025-01-10 00:00,1230.48
2498,VNINDEX,2025-01-13 00:00,1235.65
2499,VNINDEX,2025-01-14 00:00,1229.07
2500,VNINDEX,2025-01-15 00:00,1236.18
2501,VNINDEX,2025-01-16 00:00,1242.36
2502,VNINDEX,2025-01-17 00:00,1249.11
2503,VNINDEX,2025-01-20 00:00,1249.55
2504,VNINDEX,2025-01-21 00:00,1246.09
2505,VNINDEX,2025-01-22 00:00,1242.53
2506,VNINDEX,2025-01-23 00:00,1259.63
2507,VNINDEX,2025-01-24 00:00,1265.05
2508,VNINDEX,2025-02-03 00:00,1253.03
2509,VNINDEX,2025-02-04 00:00,1264.68
2510,VNINDEX,2025-02-05 00:00,1269.61
2511,VNINDEX,2025-02-06 00:00,1271.48
2512,VNINDEX,2025-02-07 00:00,1275.2
2513,VNINDEX,2025-02-10 00:00,1263.26
2514,VNINDEX,2025-02-11 00:00,1268.45
2515,VNINDEX,2025-02-12 00:00,1266.91
2516,VNINDEX,2025-02-13 00:00,1270.35
2517,VNINDEX,2025-02-14 00:00,1276.08
2518,VNINDEX,2025-02-17 00:00,1272.72
2519,VNINDEX,2025-02-18 00:00,1278.14
2520,VNINDEX,2025-02-19 00:00,1288.56
2521,VNINDEX,2025-02-20 00:00,1292.98
2522,VNINDEX,2025-02-21 00:00,1296.75
2523,VNINDEX,2025-02-24 00:00,1304.56
2524,VNINDEX,2025-02-25 00:00,1303.16
2525,VNINDEX,2025-02-26 00:00,1302.96
2526,VNINDEX,2025-02-27 00:00,1307.8
2527,VNINDEX,2025-02-28 00:00,1305.36
2528,VNINDEX,2025-03-03 00:00,1309.37
2529,VNINDEX,2025-03-04 00:00,1311.91
2530,VNINDEX,2025-03-05 00:00,1304.71
2531,VNINDEX,2025-03-06 00:00,1318.22
2532,VNINDEX,2025-03-07 00:00,1326.05
2533,VNINDEX,2025-03-10 00:00,1330.28
2534,VNINDEX,2025-03-11 00:00,1332.54
2535,VNINDEX,2025-03-12 00:00,1334.41
2536,VNINDEX,2025-03-13 00:00,1326.27
2537,VNINDEX,2025-03-14 00:00,1326.15
2538,VNINDEX,2025-03-17 00:00,1336.26
2539,VNINDEX,2025-03-18 00:00,1330.97
2540,VNINDEX,2025-03-19 00:00,1324.63
2541,VNINDEX,2025-03-20 00:00,1323.93
2542,VNINDEX,2025-03-21 00:00,1321.88
2543,VNINDEX,2025-03-24 00:00,1330.32
2544,VNINDEX,2025-03-25 00:00,1331.92
2545,VNINDEX,2025-03-26 00:00,1326.09
2546,VNINDEX,2025-03-27 00:00,1323.81
2547,VNINDEX,2025-03-28 00:00,1317.46
2548,VNINDEX,2025-03-31 00:00,1306.86
2549,VNINDEX,2025-04-01 00:00,1317.33
2550,VNINDEX,2025-04-02 00:00,1317.83
2551,VNINDEX,2025-04-03 00:00,1229.84
2552,VNINDEX,2025-04-04 00:00,1210.67
2553,VNINDEX,2025-04-08 00:00,1132.79
2554,VNINDEX,2025-04-09 00:00,1094.3
2555,VNINDEX,2025-04-10 00:00,1168.34
2556,VNINDEX,2025-04-11 00:00,1222.46
2557,VNINDEX,2025-04-14 00:00,1241.44
2558,VNINDEX,2025-04-15 00:00,1227.79
2559,VNINDEX,2025-04-16 00:00,1210.3
2560,VNINDEX,2025-04-17 00:00,1217.25
2561,VNINDEX,2025-04-18 00:00,1219.12
2562,VNINDEX,2025-04-21 00:00,1207.07
2563,VNINDEX,2025-04-22 00:00,1197.13
2564,VNINDEX,2025-04-23 00:00,1211.0
2565,VNINDEX,2025-04-24 00:00,1223.35
2566,VNINDEX,2025-04-25 00:00,1229.23
2567,VNINDEX,2025-04-28 00:00,1226.8
2568,VNINDEX,2025-04-29 00:00,1226.3
2569,VNINDEX,2025-05-05 00:00,1240.05
2570,VNINDEX,2025-05-06 00:00,1241.95
2571,VNINDEX,2025-05-07 00:00,1250.37
2572,VNINDEX,2025-05-08 00:00,1269.8
2573,VNINDEX,2025-05-09 00:00,1267.3
2574,VNINDEX,2025-05-12 00:00,1283.26
2575,VNINDEX,2025-05-13 00:00,1293.43
2576,VNINDEX,2025-05-14 00:00,1309.73
2577,VNINDEX,2025-05-15 00:00,1313.2
2578,VNINDEX,2025-05-16 00:00,1301.39
2579,VNINDEX,2025-05-19 00:00,1296.29
2580,VNINDEX,2025-05-20 00:00,1315.15
2581,VNINDEX,2025-05-21 00:00,1323.05
2582,VNINDEX,2025-05-22 00:00,1313.84
2583,VNINDEX,2025-05-23 00:00,1314.46
2584,VNINDEX,2025-05-26 00:00,1332.51
2585,VNINDEX,2025-05-27 00:00,1339.81
2586,VNINDEX,2025-05-28 00:00,1341.87
2587,VNINDEX,2025-05-29 00:00,1341.86
2588,VNINDEX,2025-05-30 00:00,1332.6
2589,VNINDEX,2025-06-02 00:00,1336.3
2590,VNINDEX,2025-06-03 00:00,1347.25
2591,VNINDEX,2025-06-04 00:00,1345.74
2592,VNINDEX,2025-06-05 00:00,1342.09
2593,VNINDEX,2025-06-06 00:00,1329.89
2594,VNINDEX,2025-06-09 00:00,1310.57
2595,VNINDEX,2025-06-10 00:00,1316.23
2596,VNINDEX,2025-06-11 00:00,1315.2
2597,VNINDEX,2025-06-12 00:00,1322.99
2598,VNINDEX,2025-06-13 00:00,1315.49
2599,VNINDEX,2025-06-16 00:00,1338.11
2600,VNINDEX,2025-06-17 00:00,1347.69
2601,VNINDEX,2025-06-18 00:00,1346.83
2602,VNINDEX,2025-06-19 00:00,1352.04
2603,VNINDEX,2025-06-20 00:00,1349.35
2604,VNINDEX,2025-06-23 00:00,1358.18
2605,VNINDEX,2025-06-24 00:00,1366.77
2606,VNINDEX,2025-06-25 00:00,1366.75
2607,VNINDEX,2025-06-26 00:00,1365.67
2608,VNINDEX,2025-06-27 00:00,1371.44
2609,VNINDEX,2025-06-30 00:00,1376.07
2610,VNINDEX,2025-07-01 00:00,1377.84
2611,VNINDEX,2025-07-02 00:00,1384.59
2612,VNINDEX,2025-07-03 00:00,1381.96
2613,VNINDEX,2025-07-04 00:00,1386.97
2614,VNINDEX,2025-07-07 00:00,1402.06
2615,VNINDEX,2025-07-08 00:00,1415.46
2616,VNINDEX,2025-07-09 00:00,1431.32
2617,VNINDEX,2025-07-10 00:00,1445.64
2618,VNINDEX,2025-07-11 00:00,1457.76
2619,VNINDEX,2025-07-14 00:00,1470.42
2620,VNINDEX,2025-07-15 00:00,1460.65
2621,VNINDEX,2025-07-16 00:00,1475.47
2622,VNINDEX,2025-07-17 00:00,1490.01
2623,VNINDEX,2025-07-18 00:00,1497.28
2624,VNINDEX,2025-07-21 00:00,1485.05
2625,VNINDEX,2025-07-22 00:00,1509.54
2626,VNINDEX,2025-07-23 00:00,1512.31
2627,VNINDEX,2025-07-24 00:00,1521.02
2628,VNINDEX,2025-07-25 00:00,1531.13
2629,VNINDEX,2025-07-28 00:00,1557.42
2630,VNINDEX,2025-07-29 00:00,1493.41
2631,VNINDEX,2025-07-30 00:00,1507.63
2632,VNINDEX,2025-07-31 00:00,1502.52
2633,VNINDEX,2025-08-01 00:00,1495.21
2634,VNINDEX,2025-08-04 00:00,1528.19
2635,VNINDEX,2025-08-05 00:00,1547.15
2636,VNINDEX,2025-08-06 00:00,1573.71
2637,VNINDEX,2025-08-07 00:00,1581.81
2638,VNINDEX,2025-08-08 00:00,1584.95
2639,VNINDEX,2025-08-11 00:00,1596.86
2640,VNINDEX,2025-08-12 00:00,1608.22
2641,VNINDEX,2025-08-13 00:00,1611.6
2642,VNINDEX,2025-08-14 00:00,1640.69
2643,VNINDEX,2025-08-15 00:00,1630.0
2644,VNINDEX,2025-08-18 00:00,1636.37
2645,VNINDEX,2025-08-19 00:00,1654.2
2646,VNINDEX,2025-08-20 00:00,1664.36
2647,VNINDEX,2025-08-21 00:00,1688.0
2648,VNINDEX,2025-08-22 00:00,1645.47
2649,VNINDEX,2025-08-25 00:00,1614.03
2650,VNINDEX,2025-08-26 00:00,1667.63
2651,VNINDEX,2025-08-27 00:00,1672.78
2652,VNINDEX,2025-08-28 00:00,1680.86
2653,VNINDEX,2025-08-29 00:00,1682.21
2654,VNINDEX,2025-09-03 00:00,1681.3
2655,VNINDEX,2025-09-04 00:00,1696.29
