ticker,return,max_drawdown,sharpe
A32,43.52656810737783,-0.5501432664756448,0.5228192875570027
AAA,-18.302503092582278,-0.48306451612903223,-0.19874386570619815
AAM,-27.57575757575762,-0.39904761904761965,-0.26799774103442814
ABC,-33.4576310326669,-0.5457832218356996,-0.25743051581810494
ABI,30.630939432016536,-0.19333020826357727,0.6674565309550241
ABT,119.95055433868367,-0.16968220068974313,1.3183853581380718
ACB,74.49910283608796,-0.18198874296435244,1.25103375535978
ACC,12.048192771084153,-0.1733333333333334,0.3458376013890792
ACE,42.5757501589189,-0.14750519750519744,0.6691035604104099
ACL,-0.8130081300814385,-0.34545454545454635,0.0629850665110256
ACM,-10.833333333333528,-0.4444444444444454,0.18985787283856778
ACV,39.072543095825196,-0.39256009774624256,0.6149726057700673
ADC,17.865119014541065,-0.2288135593220339,0.3535913740037832
ADP,82.04447384709003,-0.2246239700239088,1.0486788986789384
ADS,-17.334926438782283,-0.493650884854056,-0.1594878852970595
AFX,7.517158731888185,-0.30928725701943716,0.23395740245487504
AGF,-33.63636363636358,-0.45454545454545425,-0.20669656253510665
AGM,-56.99092088197143,-0.8067444876783396,-0.5446331779765127
AGP,103.6189508037848,-0.12006113696505152,1.2070462721077917
AGR,22.655933134525053,-0.38327328719404313,0.4167995920273546
AGX,354.70582577280857,-0.2617801047120416,1.3549592171194607
ALT,-9.810342979437536,-0.41044056168935605,0.1339079252085552
ALV,361.8167621030709,-0.5350741123750433,1.2855416550848608
AMC,14.010470227765182,-0.2405660377358491,0.31716235811670407
AMD,0.0,0.0,
AME,4.597701149425548,-0.5111111111111106,0.25404743355044396
AMP,31.37254901960791,-0.29333333333333333,0.47313295137536404
AMS,-21.036491827716386,-0.48729161178295455,-0.265579651419126
AMV,-47.36842105263172,-0.6666666666666672,-0.7296263973446439
ANT,259.18032313433423,-0.2200068166325834,1.5082047247331989
ANV,60.220094609523024,-0.40952380952381023,0.7597436894064981
APC,-6.8602150537638185,-0.36953846153846287,0.08730614744451891
APG,31.60569105691058,-0.6285714285714283,0.48638198003222854
API,109.30232558139541,-0.584070796460177,0.8273984876359428
APL,-30.14971052684592,-0.5249718331316031,0.08322686905014154
APP,18.749999999999645,-0.7657668073299037,0.44102553235182146
APS,82.25806451612937,-0.4886363636363629,0.7451951600675412
ARM,11.54860315041737,-0.49633251833740866,0.3436659303379406
ASA,0.0,0.0,
ASM,-11.893563991189504,-0.5146865010750645,-0.062224810364939265
ASP,13.953488372092849,-0.22874493927125558,0.3352991554616062
ATA,-26.0,-0.4310099573257468,0.016976274342471023
ATG,4.016393442623012,-0.6885245901639343,0.2139787687250633
ATS,60.714285714285786,-0.6161616161616162,0.6047888386945175
AVF,0.0,0.0,
BAX,-10.974399841573334,-0.2312836198842868,-0.035786274404877146
BBC,72.3932944953038,-0.20993589743589733,0.9249399632413374
BBS,16.417674484773272,-0.36834944852048,0.3402156258156827
BBT,143.81811789523002,-0.3397592672517145,0.8524933510705037
BCC,-14.141414141414177,-0.3800000000000001,-0.10547711177345456
BCE,95.6521739130433,-0.09876543209876527,1.5315663001771738
BCG,-50.68574285221137,-0.683656039322553,-0.7323086642956131
BCP,37.93103448275848,-0.22222222222222215,0.5083793533364305
BDG,62.1953739402171,-0.24489445683885366,0.880666669477134
BDW,42.593343609125526,-0.28033472803347287,0.5220915821512805
BED,132.5732657277682,-0.09792985390659295,1.7107430798847014
BEL,0.0,0.0,
BFC,153.90650087558663,-0.28217763585932604,1.2506688411340776
BHC,-12.500000000000089,-0.4032395566922422,0.0432118589037833
BHN,-7.288220072997198,-0.17469370630884942,-0.006888807598750924
BHP,-10.969788089952603,-0.37434827945776855,0.28637064788639144
BIC,116.2021306699617,-0.17399917589802852,1.3518184129650412
BID,35.88535014389036,-0.27818568133933247,0.6819058531298474
BII,-2.9339853300735186,-0.4000000000000008,0.1558603844070833
BKC,633.3333333333351,-0.6162915326902463,1.6309434108911947
BLF,-22.244289970208563,-0.6771814187068426,0.06783351029900099
BLI,-17.33356940509917,-0.3493097564758808,-0.1264164286758726
BLN,38.57797676153927,-0.2756093403783876,0.6951595627959489
BMC,29.20696061670922,-0.4525525845436358,0.4605153682167006
BMI,16.046605298816363,-0.24848489708996557,0.38063791026673455
BMJ,-4.855855855855895,-0.38723318566250536,0.3322064968586426
BMP,86.49622016073945,-0.22400000000000023,1.00602921688419
BPC,30.927565097804056,-0.2971014492753622,0.4628415798031244
BRC,29.097046919907932,-0.17845117845117794,0.6227119591141381
BRS,61.06696961833249,-0.22000000000000053,0.6741838149847001
BSC,0.0,0.0,
BSG,32.52054068380621,-0.38271604938271603,0.46848031901996323
BSI,48.546136205278344,-0.3127200510940629,0.6304779773526891
BSP,5.035508154804247,-0.3232171811423088,0.2346102489894807
BSQ,6.558093770709883,-0.22508547008546953,0.22373825934027392
BT1,17.050800885505634,-0.29487179487179493,0.3510338770677095
BT6,-19.297412769997656,-0.2167101827676241,-0.5341845550905536
BTB,-7.238995998544862,-0.4090909090909094,0.2782846540411814
BTD,-9.742267473096556,-0.33977081767742723,0.16772834428994032
BTG,-5.263157894736869,-0.5416666666666667,0.2936841223250685
BTH,401.91005802707986,-0.44973999254807273,1.3098399414613437
BTP,-21.07003126937419,-0.3774587296031267,-0.43528813376876374
BTS,-5.357142857143115,-0.19999999999999976,-0.0013986356153494227
BTT,55.54598642998345,-0.21052631578947356,0.7940842139868448
BTU,69.6096182592707,-0.3108571428571427,0.7460803989351036
BTV,9.433962264150786,-0.32442953020134196,0.34494839648586784
BTW,94.34388563747278,-0.34895833333333326,0.7485922360961753
BVG,9.04134484325314,-0.39588987979837154,0.25806979604383834
BVH,52.41573111484335,-0.3339011925042586,0.800100328311199
BVN,-4.166666666666774,-0.37647058823529445,0.39972206051182757
BVS,66.55028213216458,-0.4296646726211382,0.7111818035873962
BWA,90.26250984212452,-0.39999999999999997,0.7492556245404424
BXH,-11.718814157838464,-0.5491778226052934,0.16592395758203932
C12,0.0,0.0,
C21,30.369150542061195,-0.33126163761486116,0.4802473311051212
C32,4.117647058823648,-0.18090452261306528,0.18434155462562812
C47,52.4984750152496,-0.28205128205128227,0.8218300724830983
C92,41.233207027213005,-0.5818394388152767,0.5168821848700341
CAD,2.399999999999869,-0.6000000000000002,0.2866834711013602
CAN,-41.62760725204738,-0.5463135811173981,-0.17543331680062563
CAP,-39.233480597776705,-0.46889105089395355,-0.8988833540066586
CCI,31.291767936383685,-0.2568867129754733,0.45740640728183407
CCL,6.341138742663688,-0.47835589512844856,0.23164003153984344
CCM,15.074709835250854,-0.33184855233853033,0.35617254265513293
CCR,19.453543519488026,-0.37350843241722254,0.3729527964828162
CCV,10.1923076923077,-0.13461538461538458,0.3169767042525555
CDC,95.36567116332135,-0.2825000000000003,1.1923207610758282
CDG,0.0,0.0,
CDH,-13.521564669591369,-0.3158906738568076,-0.028604400820150595
CDN,35.05613739850793,-0.3082524271844659,0.5520259793282453
CDO,44.07692307692312,-0.20047619047619053,0.7795520400052373
CEO,24.405574185985568,-0.5512537882022458,0.41017062439187907
CHC,-1.1102230246251565e-14,-0.1428571428571429,0.08010333850836543
CHP,59.998283194644685,-0.20252935240162617,1.3877692441006904
CHS,43.62888737194148,-0.17266187050359813,0.5500561176507957
CI5,-16.66666666666653,-0.5746268656716411,0.34625375924458185
CID,101.64208968125767,-0.7410448915078944,0.761428714855729
CIG,88.22393822393768,-0.26906779661017005,0.9324822975312059
CII,62.40917274123141,-0.4293479025357294,0.7869021068920737
CJC,0.0,0.0,
CK8,0.0,0.0,
CKD,3.4048550247254727,-0.19397728906137704,0.18716719845961768
CKV,3.6410261022283175,-0.22077922077922074,0.17884576392405804
CLC,68.07392042553924,-0.14878137777664352,1.1481865435563139
CLG,-16.66666666666673,-0.33428571428571463,-0.023557666724687194
CLH,8.527874405766255,-0.18275411862024996,0.2671571106644264
CLL,-2.275878419976296,-0.22308360420363924,0.02383490929690992
CLM,15.082015534503967,-0.22747252747252777,0.3341930731199305
CLW,64.14039893445621,-0.32967032967032966,0.7209846214268973
CLX,18.657740287866908,-0.33251931223523545,0.38286689314729894
CMC,61.77001281716266,-0.6170212765957445,0.6047001722758804
CMF,90.54058739746964,-0.30603227459016397,0.7928264421032496
CMG,20.84466299802077,-0.5464088948508207,0.3831477620521406
CMI,-50.00000000000002,-0.5000000000000002,-0.5128304015230726
CMK,0.0,0.0,
CMP,0.0,0.0,
CMS,-40.00000000000013,-0.7272727272727274,-0.2230591819360482
CMT,28.960549747673415,-0.5694133100580315,0.4464566162625713
CMV,-9.198525653098022,-0.3563100647496707,0.05227703285061665
CMX,-17.942857142857214,-0.4767241379310345,-0.16787896335128982
CNC,36.056056909527356,-0.21632794457274798,0.4981545479042704
CNG,0.8236435463085279,-0.3138871354893462,0.12435485967336893
CNN,108.15987818763011,-0.41021042848333905,0.8186452937284334
CNT,-23.91022759802518,-0.51904312951299,-0.13038591327740257
COM,0.902347038150908,-0.43736666487215103,0.2252562784152944
CPC,34.515513804084286,-0.19069767441860505,0.6137913122860105
CPH,0.0,0.0,
CQT,1.1456831790695565,-0.26243896682450496,0.23594949976377827
CSC,5.04540492529284,-0.5183098591549289,0.21577051124740568
CSM,35.79422471251692,-0.4523152823752859,0.5225051396496188
CSV,118.8533846479153,-0.39894736842105316,1.046248684382298
CT3,-22.000000000000053,-0.5122321428571431,-0.11508337133742991
CT6,40.35087719298212,-0.39795918367346944,0.5458628698908237
CTA,0.0,0.0,
CTB,53.25972992541086,-0.17598156291446254,0.609268806306525
CTC,0.0,0.0,
CTD,33.31894664544617,-0.33020833333333344,0.5285103610430352
CTF,-23.755078748812007,-0.4307974061779954,-0.43523908613168516
CTG,92.36523746419876,-0.20750293083235613,1.2573404887142832
CTI,64.98316498316437,-0.26495726495726507,0.8273972525596366
CTN,-28.57142857142856,-0.2857142857142856,-0.6882121581716379
CTP,311.11111111111114,-0.6252927400468382,1.1999998780961307
CTS,111.15445725497719,-0.3333333333333323,1.0629406975647206
CTT,7.24286988281666,-0.16845878136200743,0.23235709433245508
CTW,88.25361957923701,-0.24066390041493793,0.7714701983124523
CTX,-4.366190498789802,-0.06348241017964074,-0.5064598338564785
CVN,-65.33333333333331,-0.6908108108108105,-1.4606533859940216
CVT,-15.338345864661761,-0.33619456366237566,-0.0749411603469677
CX8,72.90281115519991,-0.29347826086956547,0.7242429813258409
CYC,-23.809523809523835,-0.6521739130434784,-0.1324450502950036
D11,-8.196721311475486,-0.3153846153846155,0.0014124561567423562
D2D,56.02000815268777,-0.23333787651628757,0.9151884946212364
DAC,-39.189189189189186,-0.3918918918918919,-0.7722936635108093
DAD,10.446710781924452,-0.1987482991611639,0.2761658695127365
DAE,6.101366546965603,-0.30526315789473674,0.24264315625648192
DAG,-56.65634674922602,-0.5795795795795796,-1.9280613416489985
DAH,-16.114790286975943,-0.3818984547461377,-0.2163224423676511
DAS,10.704547708581313,-0.7973713033953999,0.45368191005879427
DAT,-8.68908515215927,-0.32308369224000116,0.001150139500108351
DBC,53.27741500446219,-0.3066751234402556,0.6961079257585341
DBD,16.64293019717311,-0.2798387096774188,0.3923764000630634
DBM,-10.838080124602346,-0.3561685989957862,0.29849908729310787
DBT,11.709949693896583,-0.22344322344322357,0.31136818393788696
DC1,24.802754267680438,-0.5577582920320245,0.4890274183648099
DC2,45.65945236207589,-0.4000000000000002,0.5368363604642103
DC4,46.46435287116564,-0.258461027704984,0.5878589260545436
DCF,21.64358851557553,-0.44706371191135735,0.43559126653003444
DCL,-7.284768211920845,-0.3470394736842117,0.04567711895463428
DCM,33.87918853592504,-0.3808353808353816,0.5795968597522937
DCS,100.59999999999954,-0.40000000000000036,0.7776093844827104
DCT,-0.33333333333348536,-0.39227895392279,0.30356275292006984
DDH,-52.382594360457205,-0.544973544973545,-0.8732879982317309
DDM,48.07692307692308,-0.46428571428571386,0.5949599153068957
DDN,-13.232360352793016,-0.3134461829746845,-0.07116910218705803
DDV,241.6334659533483,-0.39098459941166225,1.5927871813822745
DFC,79.5828327912496,-0.30337078651685395,0.7525572561668147
DGC,5.62632268196217,-0.4302740374086276,0.20649495104769197
DGT,-9.283072045094142,-0.5606326889279438,0.09892077495484651
DGW,6.877884556283775,-0.4538384235592259,0.2309785673866247
DHA,1.1069955601995085,-0.28679973574743195,0.1124164391666164
DHC,-3.2997731640787342,-0.4298743886064533,0.032129716054669175
DHG,10.365585415477451,-0.20357606435681455,0.3459616973512734
DHM,-9.505468178694908,-0.3642265412208257,0.027348699428346952
DHP,5.188808411609802,-0.17424242424242908,0.20993066036507205
DHT,261.73197062750853,-0.25300092336103386,1.9003557461489058
DIC,-15.833333333333277,-0.3571428571428575,-0.0543479275071292
DID,10.619469026548645,-0.32511829652996854,0.2821934655065106
DIG,-4.825043512928007,-0.5773809523809517,0.0954233936331668
DIH,-22.084749263090853,-0.5014185446568158,-0.18197108122421674
DL1,51.16279069767386,-0.38461538461538425,0.5932098919464558
DLD,5.555555555555491,-0.4672897196261684,0.28790192281187527
DLG,30.042918454935652,-0.37451737451737394,0.46134886629124633
DLR,0.0,0.0,
DLT,0.0,0.0,
DMC,0.6708732520202654,-0.35180722891566263,0.12272826587410089
DNC,120.26803538918203,-0.23255813953488397,0.9317427975625711
DND,-30.555555555555546,-0.5357142857142858,0.007695231242957101
DNL,44.21273423582461,-0.4133767234734948,0.5536319882282051
DNM,-47.1910112359551,-0.6971153846153849,-0.16886966660736127
DNP,-7.6923076923077875,-0.32462686567164245,0.10821323470874937
DNT,-13.860660785801116,-0.5389019225945436,0.22158206428053526
DNW,47.12432596805935,-0.22718153156674228,0.5506522139056037
DOC,16.710916748835203,-0.1842935134710786,0.3563960851690426
DOP,41.739040012249816,-0.3791208791208791,0.5132358450602669
DP3,-20.106667167016077,-0.2537149693517915,-0.4069042083659078
DPC,10.746268656716307,-0.6666666666666667,0.3728083118545179
DPG,82.88763841848126,-0.3193548387096773,0.8790046357172557
DPH,58.37928824479417,-0.43961352657004804,0.5975268413939583
DPM,50.87518499233703,-0.25134408602150554,0.7988449170542464
DPP,0.0,0.0,
DPR,28.52627666331129,-0.34000000000000025,0.4889835239009279
DPS,-2.220446049250313e-14,-0.2857142857142858,0.12502717015032055
DQC,-22.18543046357616,-0.4682926829268297,-0.3352901862037457
DRC,4.1456602358924455,-0.5097386146299697,0.18912012447619886
DRH,-33.40206185567003,-0.6522593320235752,-0.3147009799803263
DRL,-1.7841293992947427,-0.1284251060316538,-0.007564505716154837
DSN,-3.2056539588826927,-0.1732769674947633,-0.08410808870371751
DST,109.09090909090833,-0.35294117647058876,0.8620094376456664
DTA,22.137404580152477,-0.28268551236749134,0.40144258672223376
DTC,10.249999999999915,-0.468358208955224,0.34592800576060134
DTG,-0.029528898119246527,-0.5593634198557286,0.18935703751048613
DTK,10.996748724386007,-0.30246913580247,0.2915478554334458
DTL,-26.751592356688125,-0.48324022346368845,-0.3203227188592965
DTT,16.324327661925132,-0.33630289532293994,0.3830518693689
DVC,42.118753561521416,-0.4242424242424242,0.5691727296652785
DVP,18.354323722594266,-0.15833333333333355,0.5246710146622454
DXG,48.303746375393764,-0.4134615384615382,0.6461617711239095
DXL,32.65306122448983,-0.6799999999999998,0.4678316093916362
DXP,-19.923658127525623,-0.46465539732395367,-0.1631463417498276
DXV,6.596306068601643,-0.5339547270306252,0.2659401206928443
DZM,0.0,0.0,
E1VFVN30,68.45878136200692,-0.1527093596059113,1.5899090522731971
EBS,6.173858175993696,-0.27972027972028085,0.2513577353440012
ECI,-33.90804597701149,-0.3390804597701149,-1.3595562791198759
EFI,42.68750000000008,-0.38601271571298806,0.5183386253168654
EIB,81.46159062998312,-0.2988764044943819,0.9880196530744534
EIC,12.054682188952714,-0.1615762516985482,0.2956714448528626
EID,49.45513416389573,-0.1493055555555559,0.9566447206713358
ELC,19.62902872805703,-0.32967032967032966,0.3843623597162826
EMG,-29.706010319892773,-0.4893617021276595,-0.14424473143454397
EVE,-19.10997993423492,-0.4313993174061427,-0.33936080555907205
FBA,0.0,0.0,
FCC,0.0,0.0,
FCM,2.0034472189383035,-0.3153988868274578,0.16230364015504395
FCN,22.789614482000296,-0.34023668639053223,0.42067647904687155
FCS,11.898920510303856,-0.4842105263157904,0.4254226022619975
FDC,29.838709677419217,-0.47488584474885864,0.44795121975197805
FID,-17.391304347826054,-0.6129032258064512,-0.015099586756354642
FIT,4.721030042918484,-0.24657534246575338,0.1896778987311451
FLC,0.0,0.0,
FMC,-16.321069801416023,-0.366920152091256,-0.2481667987898398
FOX,116.63267405756925,-0.29010713379139613,1.112675756860525
FPT,29.74178917259691,-0.3188593648736228,0.569476349598694
FRT,72.38648363252354,-0.39757281553398055,0.9370913708490779
FSO,-8.333333333333314,-0.31205128205128213,0.021284811556330583
FTM,18.825561312607974,-0.4545454545454549,0.3715853799082704
FTS,29.499465758320078,-0.3133462282398451,0.47684016291190695
FUCVREIT,14.627285513361477,-0.40332906530089613,0.33060854226435143
G20,1.4999999999999236,-0.4444444444444444,0.3220400802536641
G36,44.39531859557895,-0.4584031267448346,0.612545796470814
GAS,-2.765035924859649,-0.3432449903038139,0.022478058276531467
GCB,9.003419019880976,-0.3464935064935063,0.2626473583356625
GDT,13.91178899275638,-0.34667632452615854,0.34578138004981085
GDW,39.02498187096557,-0.2696969696969697,0.5000366093488494
GER,0.0,0.0,
GEX,147.61925078756016,-0.3254901960784307,1.3099382921795897
GGG,11.704545454545357,-0.7954166666666667,0.35784269468102886
GHC,29.09510795662338,-0.18295839753466853,0.7721945098055215
GIL,8.459136465124573,-0.5109529981706705,0.2556219803865653
GLT,2.0867238589732384,-0.5388739946380695,0.26807773288255227
GMC,-53.959227467811196,-0.5600858369098717,-0.848642338594517
GMD,32.44106228942054,-0.41448738422227543,0.5622393881821375
GMX,5.140971102232106,-0.16494845360824809,0.20540610809975512
GND,10.049457756165348,-0.34285714285714314,0.4181832592977206
GSM,32.24433008487975,-0.4070270270270271,0.4745112515175764
GSP,21.42896122744895,-0.33112582781456995,0.468367802742834
GTA,0.30151676708727315,-0.18918918918918923,0.10517638130526351
GTD,124.48979591836698,-0.47297297297297297,0.7866870675804084
GTS,39.86486256978501,-0.23999999999999994,0.5450727914077905
GTT,0.0,0.0,
GVT,-8.063364464837687,-0.44415127528583986,0.26848671322141493
H11,-45.454545454545624,-0.601428215560907,0.10884815601174631
HAC,39.323607427055876,-0.41049825712528126,0.5106347516871733
HAD,-8.522161071682689,-0.25945945945945925,0.07495281231591601
HAG,102.45398773006143,-0.34599999999999986,0.9652687183379106
HAH,127.6387493189714,-0.21682464454976286,1.215695891476709
HAI,0.0,0.0,
HAN,-8.456350212917862,-0.3749805937054883,0.06301644362855385
HAP,31.89300411522622,-0.2105263157894735,0.5820452155329754
HAR,31.111111111111136,-0.423625254582485,0.49703998080968975
HAS,19.383234566480546,-0.30046948356807535,0.370857847803074
HAT,15.726487456458106,-0.24110658965607745,0.3365197214344174
HAX,21.127005080785533,-0.25833333333333325,0.4123527347403482
HBC,4.234234234234258,-0.5010775862068967,0.2177861202651353
HBD,14.104352721717571,-0.41578947368421054,0.35316305556407035
HBS,18.511495615074548,-0.5278057596586869,0.35904640270020455
HCC,178.51166886833997,-0.12000000000000006,1.7043628360567467
HCD,3.2338308457709797,-0.482352941176471,0.1744166237492271
HCI,41.22480421106687,-0.14728682170542645,0.8162062246952869
HCM,82.68931869805517,-0.2696456086286595,0.9955295921256044
HCT,57.89473684210533,-0.49230769230769217,0.6887009351055743
HD2,-40.65573770491806,-0.6159681746692572,-0.3042499051826545
HDA,17.647058823529083,-0.320754716981133,0.3504177401979607
HDC,29.692060797094342,-0.2912995032486221,0.4808602014253111
HDG,38.29015705870458,-0.39197530864197466,0.5652946084742011
HDM,48.95288695966753,-0.21065010570824494,0.8197496045331284
HDO,-1.1102230246251565e-14,-0.22330097087378656,0.10358154773343448
HDP,82.18839499684665,-0.16667857142857137,0.8634602859222731
HEC,39.107126549091895,-0.18998527245949948,0.6246571437985734
HES,1.8003947462582603,-0.739329268292683,0.3414696750538677
HEV,-29.54545454545453,-0.49729729729729716,-0.557841923404
HFC,56.86274509803915,-0.5590551181102362,0.5942743209613531
HFX,138.2978723404253,-0.6594202898550724,0.860948333557885
HGM,610.7878687139822,-0.2643599115178224,1.7656658178156825
HHC,20.40133779264226,-0.3137931034482754,0.3762834155680321
HHG,-22.283425137706537,-0.4869494290375206,-0.047931917728092244
HHN,0.0,0.0,
HHS,126.32341903064787,-0.4067443085066371,1.1272958399682653
HHV,4.591970125512113,-0.35186481455556023,0.1902043954567895
HID,3.4843205574913716,-0.289772727272727,0.16491877660491255
HJC,1.4492753623189136,-0.4197530864197534,0.2877912897481805
HJS,-1.5977590935077557,-0.3420111440280411,0.1961390443161557
HKB,-25.0,-0.45115257958287575,0.03815765189569376
HKT,226.47058823529434,-0.39622641509433965,1.089048454588166
HLA,0.0,0.0,
HLB,39.158102656268426,-0.3165217391304349,0.5070034038885719
HLC,-5.174853117456113,-0.2515910372680942,0.07295559095588029
HLD,35.310175301177104,-0.39856981941803954,0.5888644748156154
HLY,-31.25000000000001,-0.35757575757575766,-0.464695546569538
HMC,32.29298540689194,-0.19852941176470626,0.5919756702674368
HMG,-28.317359422796308,-0.45765258812153353,-0.2436799983967102
HMH,45.57391606571941,-0.23170731707317088,0.5346747503606479
HNB,12.35233692860822,-0.3333333333333333,0.42118774639724266
HND,-7.151441153964089,-0.3120598957009173,-0.11019379167098121
HNF,105.25839596504336,-0.34809980532840834,0.7942423299146175
HNG,75.81081081081133,-0.33292816336453124,0.7478516025089245
HNM,-8.492071937852486,-0.26489409643983725,-0.09586279983488931
HNP,-42.94544411372946,-0.5560669056296281,-0.32983371621442453
HOM,14.999999999999702,-0.20370370370370353,0.3399808759896954
HOT,11.038961038960915,-0.4460317460317462,0.37388033051063974
HPB,31.253315389976954,-0.3076923076923077,0.45557092207215866
HPD,-11.301270420594866,-0.3251509642287497,-0.10240586602042508
HPG,32.00396017160689,-0.2804054054054043,0.6288557495330145
HPM,0.0,0.0,
HPP,43.59607536293046,-0.20916248951229452,0.5517990868558434
HPT,129.3942705070242,-0.40484633569739964,0.8681143195123341
HPW,27.275790133505563,-0.26818181818181797,0.44312773591458937
HQC,0.5263157894736858,-0.46186440677966145,0.14254000746338846
HRC,-37.25490196078438,-0.47090909090909133,-0.12044936307685361
HSA,8.896515311510012,-0.0485136814035938,0.4967748974118801
HSG,-1.8604217694433323,-0.49249007107575005,0.1100456622111803
HSI,-50.00000000000002,-0.6086105675146771,-0.4721074658835923
HT1,43.77510040160677,-0.3450704225352105,0.7075076310520712
HTC,51.154564770902496,-0.28704626736915545,0.5626898281328931
HTI,61.066726377362016,-0.0882956878850104,1.1979716936935947
HTL,165.45443393027682,-0.23452768729641668,1.2681586668490763
HTP,-90.69767441860463,-0.954356846473029,-1.6021796036071059
HTV,48.31356758981988,-0.16700000000000037,0.7245514279769786
HU1,-11.486843994578965,-0.3880422039859316,0.10578550898931267
HU3,-8.860759493670688,-0.4248458149779731,0.23334292423238917
HU4,-1.95315462212875,-0.2895799676898229,0.14837476250874368
HU6,-15.625000000000123,-0.4712643678160925,0.21637233259263727
HUT,2.4054282976863073,-0.37305699481865184,0.15715874369521568
HVA,445.3488372093016,-0.38555356955104614,1.399838626124648
HVG,0.0,0.0,
HVN,248.09831643933592,-0.4759284731774414,1.471863402311425
HVT,75.57482434736534,-0.3768421052631571,0.809499923218426
HVX,-7.886435331230313,-0.24290220820189268,-0.0017722620522676426
IBC,0.0,0.0,
ICC,121.97460115320662,-0.3181818181818182,0.7782150718126795
ICF,20.845921450151117,-0.7055294117647055,0.42116813461011987
ICG,83.3119246414046,-0.22829133744579339,0.893129661015925
ICI,68.68496750594824,-0.4816173013634227,0.6598893856436189
ICN,61.14409348606251,-0.2548006919467852,0.8954880762706028
IDI,-16.357169308231544,-0.5063953501536288,-0.12356377713723582
IDJ,14.754098360655421,-0.5609756097560984,0.3337412225370333
IDV,-3.034386070127948,-0.35428571428571426,0.04724664176782809
IFS,-5.993386414783886,-0.37316471050405964,0.11004168239197254
IHK,66.11570247933886,-0.3383084577114428,0.6349908681721684
IJC,18.0022536851284,-0.33855799373040757,0.373584893435014
ILC,-2.79994197011465,-0.4058500914076784,0.408209355906267
IME,0.0,0.0,
IMP,112.27498269830912,-0.27161654135338376,1.210820708127405
IN4,-17.750719811288086,-0.6915985000925862,0.24809705838322593
INC,6.596116305352906,-0.45739508947580104,0.2242617690942719
INN,46.43952485482525,-0.12520593080724862,0.6551715951010091
IPA,54.838709677419196,-0.41954022988505824,0.663086250593991
ISG,51.724137931034385,-0.12499999999999999,0.922158813296371
ISH,65.94840950743821,-0.2407484407484409,0.6772577045180541
IST,102.31608930080442,-0.3134328358208957,0.7309239742385728
ITA,-61.21416526138278,-0.6912751677852347,-1.4064643847707512
ITC,52.65700483091733,-0.29285714285714465,0.6832090781102407
ITD,49.21071330751185,-0.44221105527638244,0.6604470732868221
ITQ,19.230769230769297,-0.3947368421052625,0.3670264465213408
ITS,15.807630903587523,-0.3546314631037158,0.35402383766231793
IVS,-3.669846668969967,-0.3916083916083934,0.09821656469342714
JVC,48.52546916890033,-0.30742049469964694,0.6808726520774684
KAC,0.0,0.0,
KBC,25.67353407290025,-0.4293628808864258,0.45112949476730746
KCB,51.09527123666491,-0.6178544477178822,0.5603574505474042
KDC,-14.078663588384089,-0.23787878787878852,-0.3870248136434246
KDH,42.23548055796906,-0.3291839557399723,0.6977043709821106
KDM,-25.200719658241532,-0.4441680724582495,-0.08319706554129179
KHD,84.72727272727244,-0.45425087405133474,0.7126471397740383
KHL,-22.22222222222222,-0.2222222222222222,-0.7050007596803723
KHP,43.16400736984809,-0.40259740259740223,0.6785037294258948
KHW,74.83447270403494,-0.4568894055321055,0.6963447785702377
KIP,43.809185344333955,-0.3268877005347595,0.5198333466637945
KKC,29.23076923076897,-0.49425287356321923,0.4479027493967845
KLF,0.0,0.0,
KMR,-14.36464088397792,-0.22038567493113048,-0.43047250815325394
KMT,58.47377356450898,-0.17272727272727265,0.9520904977953479
KOS,3.8873994638064957,-0.08074534161490719,0.2895204627484067
KPF,-75.70850202429152,-0.794871794871795,-1.6965841357752145
KSB,-21.007996325100176,-0.4823747680890532,-0.18664977546691694
KSD,53.846153846153676,-0.2857142857142854,0.5986077644780322
KSH,-33.33333333333335,-0.3333333333333335,-0.8475514958791749
KSQ,-49.90476190476194,-0.6444444444444447,-0.26158452008551736
KST,-1.9607843137252945,-0.2838044308632543,0.18439139483938555
KSV,457.85779925039816,-0.5013552692091934,1.4938134602649353
KTL,-9.190372722881712,-0.6431623931623933,0.18732439910032406
KTS,-11.290401877992673,-0.22222222222222218,0.015486893662765584
KTT,-34.285714285714356,-0.6315789473684215,-0.1381366081957568
KVC,-15.550351288056186,-0.5199840127897682,0.06184294672795113
L10,20.49453583456384,-0.2616279069767444,0.37839752803859755
L12,-2.2727272727270265,-0.24334067694772588,0.20155901789527716
L14,3.542177906170174,-0.53422994069749,0.22180123114134187
L18,-8.973036110447907,-0.38862161580982274,0.015199981651616012
L35,-10.526315789473761,-0.664179104477612,0.31971699855099006
L43,-47.36842105263154,-0.6842105263157896,0.12256678827238948
L44,-44.4444444444445,-0.47222222222222254,-0.22385829250243808
L45,-58.27123695976159,-0.7812500000000003,-0.22747415653407177
L61,-65.14583333333336,-0.7735849056603776,-0.67466730018832
L62,-36.63157894736847,-0.5526315789473688,-0.09173732146452397
L63,99.99999999999996,-0.26176470588235295,0.8565522956376649
LAF,90.8646197266626,-0.26435620726740144,1.1751125459600988
LAI,31.473170731707366,-0.4301181351344516,0.47157892885791586
LAS,48.710475836024855,-0.5344267583638215,0.6127844042431342
LAW,16.498316498316456,-0.4949494949494949,0.36891660787023955
LBE,78.3439490445862,-0.26792452830188607,0.8316647574488936
LBM,72.24526491099681,-0.22791399734016352,0.9908759218802741
LCC,22.222222222222165,-0.3125,0.46290571142182557
LCD,0.0,0.0,
LCG,4.810816476260249,-0.4081707253389971,0.19369988941838637
LCM,-53.89934690741445,-0.6916176925456231,-0.6170261988164114
LCS,-23.910171730515273,-0.6363636363636366,0.04379141313753357
LDG,60.655737704918145,-0.49206349206349215,0.678488623817839
LDP,-5.755395683453102,-0.6097560975609756,0.17170699607100598
LGC,27.225190588041958,-0.32805755395683445,0.4418177844617093
LGL,63.11787072243349,-0.12990936555891236,0.9986455899310324
LHC,102.3891007393639,-0.14586070959264127,1.2438131291176666
LHG,1.1308005170521662,-0.42142857142857043,0.14448223353369477
LIG,21.428571428571285,-0.43181818181818227,0.3848964097683524
LIX,56.331356433645155,-0.36113258415481064,0.8871410746605943
LKW,40.58453686455734,-0.3090401728978905,0.5371096617948196
LM3,19.999999999999996,-0.14285714285714296,0.583383779880833
LM7,6.153846153846065,-0.3983333333333333,0.2881999847389372
LM8,21.602028678038685,-0.24375000000000085,0.4136942209639659
LO5,9.999999999999964,-0.4615384615384615,0.2697051550467716
LQN,-21.428571428571473,-0.4982758620689656,-0.005398747969478017
LSS,0.10742294345491565,-0.32851640972707696,0.11842019491688648
LTC,18.72146118721456,-0.23260869565217396,0.3965358828953562
LUT,-56.25000000000004,-0.6893750000000003,-0.26087005169728555
MAC,204.00196493372982,-0.31048387096774227,1.0818743940643105
MAS,12.62135922330092,-0.22248803827751182,0.33324816247864547
MBB,134.24727008376226,-0.16733870967741943,1.6381175783961714
MBG,-9.090909090908994,-0.4909090909090904,0.07803372356093335
MBS,121.49079207941452,-0.30529595015576294,1.0924829234786142
MCC,0.0,0.0,
MCF,-2.824511531480667,-0.2600355182951229,0.034903415684928496
MCG,31.697433588473544,-0.5745464852607709,0.4547504805613029
MCH,185.7255938242556,-0.4125687721977523,1.6439229649971558
MCO,105.26315789473722,-0.8270893371757926,0.7400227101648659
MCP,41.256226863196744,-0.08387096774193545,0.9545971108215872
MDC,1.4685245708289552,-0.3853252933053852,0.16324919686657968
MDF,-37.23404255319163,-0.5384615384615393,0.16456296851807914
MDG,-10.919540229885062,-0.4137931034482758,0.09486539916721033
MEC,-21.43999999999997,-0.33915254237288106,-0.1381314442506094
MEF,0.0,0.0,
MES,0.0,0.0,
MGC,224.02722153948278,-0.5405304423548488,0.9781938888747498
MH3,-4.945236530847641,-0.41184712063459356,0.23325668516865058
MHC,56.86709166580033,-0.37101736434170773,0.7361834226258865
MHL,0.0,0.0,
MIC,92.05369416965465,-0.61759542076529,0.7071075922026927
MIM,0.0,0.0,
MKP,9.576997313507519,-0.3434036180034684,0.2881234639876167
MKV,1.0638297872340052,-0.26086956521739174,0.20340532539703213
MLS,88.87200000000001,-0.4073278847485796,0.7175176107075759
MPC,-5.676103693063228,-0.49128298873460263,0.04034653405249742
MPT,35.39999999999968,-0.444444444444445,0.4743779633162598
MSN,30.708661417322823,-0.3797780517879159,0.5495003282717775
MSR,31.009676597911785,-0.4308260218275198,0.45318901995051974
MST,22.451605672622186,-0.38666666666666794,0.39363488068676844
MTA,273.0250000000003,-0.5040088936800963,1.080638820149175
MTG,-14.709971257260335,-0.5709197700574857,0.27261816699042796
MTH,73.20826232770116,-0.23039215686274517,0.8097934869454189
MTL,38.97937024972848,-0.5125773195876289,0.5139046973649739
MTP,49.79741696923894,-0.2402337034359712,0.5957318383448642
MVB,0.8635297756738325,-0.3613357039768969,0.2021748713641574
MWG,84.61483327902482,-0.3392857142857143,1.115920154973888
NAF,113.45024644991639,-0.1863636363636357,1.3268951691189153
NAG,81.7515732944487,-0.2071005917159765,0.966005476690941
NAP,15.811565677074624,-0.4035856431136009,0.35131636653896825
NAS,38.67613591775842,-0.37192118226601,0.5108840917942721
NAV,59.369641003545226,-0.22286754855323168,0.711986695738827
NBB,1.4150943396225246,-0.22947761194029848,0.1490138202014788
NBC,-12.270848188958439,-0.34207413715610374,-0.07085704310987957
NBP,-14.495435286324954,-0.33309858403491477,0.0012934237831161426
NBT,55.73338599159812,-0.18174999999999994,0.6869404827386811
NBW,65.10879910360441,-0.2821782178217824,0.6234989876959172
NCS,114.63833440652476,-0.2184333333333337,1.082615493886414
NCT,31.977414398591677,-0.22131147540983595,0.833602767791896
ND2,54.08320493066234,-0.16873686222052364,0.6294631840599706
NDC,-27.2464986054324,-0.4018995929443688,0.006436632839531522
NDF,0.0,0.0,
NDN,25.09871070141272,-0.44094488188976366,0.437896943093633
NDP,-5.266842738632482,-0.4092941376838017,0.25955866517810233
NDX,9.090909090908927,-0.27586206896551757,0.2666626201540779
NET,36.566635757371245,-0.26418064365198257,0.6169649825602331
NFC,245.91745655423244,-0.37368421052631573,1.168893259722865
NGC,-41.666666666666664,-0.41666666666666663,-1.0167175866199019
NHA,47.90812543851952,-0.4095092024539881,0.598204799941003
NHC,-48.63387978142075,-0.5218579234972677,-0.13096718530237972
NHP,-33.77483443708611,-0.4000000000000003,-0.1580227837482038
NKG,-0.7483014496383444,-0.4587396777345619,0.13050418766617533
NLG,27.442312145287275,-0.4281789449537957,0.46852293636441444
NLS,0.0,0.0,
NNC,155.3294512567332,-0.19999999999999946,1.8415822389739536
NNT,99.36792183493075,-0.23622047244094474,0.772838388831296
NOS,-30.00000000000007,-0.5384615384615385,-0.07308529693049132
NQB,-37.90756077981731,-0.38147266475411495,-0.6153638128152868
NS2,382.4038967364352,-0.2762619009627154,1.2652460977400537
NSC,24.01679335066802,-0.14349276974416086,0.6504548622767475
NSG,13.59223300970871,-0.31999999999999995,0.32615605021129834
NST,98.2001131751369,-0.17073170731707332,0.9663405591530899
NT2,-1.8971484020042229,-0.3469374637587472,0.0635950222692928
NTB,0.0,0.0,
NTC,-17.379769968459534,-0.47045920953148496,-0.1452639349750396
NTL,60.98410762714774,-0.5378287193233814,0.7211546943247172
NTP,132.26696906437047,-0.22905305014453065,1.162147780885583
NTW,23.762931856502867,-0.4767932489451476,0.43880917029139904
NUE,48.62800613256646,-0.18101694915254243,0.5935412164188462
NVB,46.728971962617116,-0.2941176470588221,0.6068256023157329
NVL,8.387096774193491,-0.5573770491803277,0.2544900242517176
NVP,0.0,0.0,
NVT,10.406091370558368,-0.38818565400843935,0.2794904246874411
NWT,1.6490378192505872,-0.12499999999999997,0.13036885167989157
OCH,-10.14492753623195,-0.3780487804878046,0.012666311431019461
OGC,-28.444444444444393,-0.5684848484848486,-0.2528854261185772
ONE,1.8518518518515492,-0.477777777777779,0.21552722888702008
ONW,0.0,0.0,
OPC,6.745330239884728,-0.1467710371819959,0.22404685878235112
ORS,19.994240276466545,-0.5569174428261324,0.37782393779423934
PAC,76.46214623312675,-0.47749523706212615,0.8005425611885275
PAI,49.99286558206742,-0.3999999999999999,0.5407163273855629
PAN,68.13940797025728,-0.2746478873239439,0.9210865873546089
PBP,20.75405418014835,-0.24408648185807577,0.42006660022718795
PC1,17.132599403310667,-0.33280970647966673,0.3566873148849406
PCE,33.724574530426764,-0.11268225506480899,0.6941915209079602
PCG,-68.28985507246377,-0.7594936708860759,-0.5404817241337606
PCT,52.777777777777814,-0.179104477611941,0.7670804085443841
PDB,131.6047806272699,-0.2018348623853219,1.150169511830141
PDC,-0.3759398496240962,-0.366031746031746,0.27631736186017586
PDN,36.90165112196446,-0.19034090909090898,0.6035744551509175
PDR,14.412081294370926,-0.49446302652053736,0.3199034597282558
PEC,14.942528735632155,-0.15000000000000002,0.4129751401849758
PEN,12.24489795918371,-0.3877551020408164,0.3053090364229577
PEQ,20.686130825274418,-0.3389916072442733,0.3788523327796824
PET,22.616822429906193,-0.4612903225806455,0.4037906640776435
PFL,8.238538435022381,-0.365745479358581,0.258890247777584
PGC,8.37158243220728,-0.16408668730650194,0.29188924793262144
PGD,-17.867606524071633,-0.24736048265460003,-0.4368198920891014
PGI,-6.615825054783119,-0.23611074547870198,0.057506631009921365
PGS,74.79435741181808,-0.15333333333333354,0.7818275344722685
PGT,200.00000000000045,-0.3409090909090906,1.081772367132472
PHC,-15.558560588986659,-0.3255863733260624,-0.2366374541555517
PHH,0.0,0.0,
PHP,66.92215383135198,-0.5224665741214285,0.7495976104994356
PHR,23.015264900386946,-0.3992647058823529,0.4299854301892989
PHS,11.996291615477483,-0.5950779252780505,0.3821980467846121
PIA,22.921814276313413,-0.22676141907690095,0.39979936711733166
PIC,33.29743411299548,-0.38160230480458623,0.4670818212905921
PID,40.000000000000036,-0.016538461538461426,1.4370554844225003
PIS,54.117647058823536,-0.3517241379310345,0.6337918194128651
PIT,5.845181674565492,-0.3178082191780826,0.22621613940001856
PIV,-11.023373341756315,-0.5967164179104483,0.1923869922041942
PJC,40.40343316375743,-0.24371100321836286,0.5219732201876318
PJS,7.281462105281089,-0.44666666666666666,0.3287787258120356
PJT,4.226075045603395,-0.2166666666666662,0.19992144748263763
PLC,-8.407675170887629,-0.4414523892834518,0.01075016141762751
PMB,28.84977003370135,-0.23853211009174205,0.5547086559961197
PMC,80.16914646754094,-0.2110236220472441,0.8790558306772579
PMJ,-5.882352941176516,-0.3188405797101451,0.08158081385856254
PMP,32.26206935470195,-0.16901408450704242,0.5028012846551783
PMS,9.376696667283046,-0.2997198879551821,0.2824863877937348
PMT,-8.070491547081692,-0.4199139864257969,0.19114197284581003
PNC,205.84039491001516,-0.29131175468483805,1.2521729106908348
PND,25.86206896551706,-0.45070422535211263,0.4744686169618114
PNG,8.861636230789415,-0.3644955322657716,0.2546404803120947
PNJ,19.084660985404646,-0.4135810751473074,0.4045600679366985
PNT,35.136638052700356,-0.358974358974359,0.4913384447010263
POM,-65.0430292598967,-0.7598627787307031,-0.723786512264599
POS,41.52882205513806,-0.4297795016947968,0.5300417362908562
POT,31.192088587213295,-0.3014354066985646,0.45631893821856256
POV,-0.03974323461763962,-0.24477818056274875,0.1543781096745137
PPC,-1.2109869772964355,-0.3329440873030897,0.06722370900339887
PPE,-3.030303030303061,-0.4382716049382716,0.22955570937288006
PPI,-20.159680638722556,-0.20318725099601598,-0.10014395908811244
PPP,64.2971234803293,-0.15186534904844734,0.6704528428694068
PPS,12.282052515920029,-0.12711864406779663,0.3101244589542311
PPY,11.118723473236368,-0.20183486238532053,0.2860167573587023
PRC,182.9076855599619,-0.4365199471938695,1.0471468966403104
PRO,18.181818181818123,-0.5601098901098901,0.41892854659009154
PSB,-24.741062479117982,-0.7007257448433921,0.013675868387385317
PSC,-4.273504273504347,-0.2384615384615387,0.11319744772248928
PSD,22.224342856582503,-0.35135135135135126,0.41748547418437626
PSE,25.638794747042116,-0.12280701754385964,0.534462005593506
PSG,-48.29369183040334,-0.5454545454545457,-0.6474997618775437
PSI,12.222222222222289,-0.45833333333333315,0.2958711585931187
PSL,-1.424544755764512,-0.38127214684006105,0.2419127688096329
PSP,178.2124847852549,-0.2368208092485548,0.9386695207606156
PSW,29.014743966208755,-0.2649881173078967,0.5429481903918533
PTB,-5.458371827643305,-0.35408030893231074,0.006737916723997205
PTC,17.411402157164723,-0.3682588597842841,0.3547547555970754
PTD,33.46354166666665,-0.5555555555555556,0.48439989782894605
PTE,90.90909090909085,-0.38235294117647073,0.8303707720841762
PTG,0.0,0.0,
PTH,-22.23191621149495,-0.45813880874231344,-0.18418961191592248
PTI,25.0679305797318,-0.4875000000000001,0.413328476412839
PTL,-22.91666666666673,-0.5402298850574716,-0.19923057804092134
PTM,0.0,0.0,
PTP,45.923132183908265,-0.34399999999999975,0.5257780960404892
PTS,29.651280192947116,-0.33819896908177444,0.48860418047512055
PTT,20.913762577190397,-0.5268292682926832,0.44813786326851296
PV2,7.142857142857295,-0.4761904761904765,0.2763455640947259
PVA,-9.090909090909182,-0.3333333333333335,0.10727129546653655
PVB,33.80281690140858,-0.39154929577464764,0.5246849938525489
PVC,-22.059337080639118,-0.5574882554991063,-0.14446253745934876
PVD,-21.97802197802181,-0.5229226361031516,-0.25008634969999416
PVE,27.380952380952685,-0.2727272727272721,0.438136691709457
PVG,-17.19939117199385,-0.2963229992790188,-0.2176980208442013
PVI,57.29850911244954,-0.22468166546760124,0.8599195448582236
PVL,15.068965517241551,-0.49122807017543846,0.33158815156221927
PVM,34.98620033682016,-0.20373563218390894,0.5372434462484867
PVO,27.87647518407057,-0.4416861598223056,0.4386191563489161
PVP,24.819796585062637,-0.2939560439560435,0.4818010193152959
PVR,39.41520467836237,-0.4615384615384617,0.5112815988607333
PVS,-11.201824370305847,-0.5238955489128361,-0.04175182985847147
PVT,-5.904102251334775,-0.41786151113136477,0.03926511984212919
PVV,4.416666666666713,-0.4425996204933583,0.23503498898529396
PVX,-15.050000000000042,-0.43999999999999984,-0.02873501555467177
PX1,0.0,0.0,
PXA,-27.454545454545553,-0.5714285714285717,-0.06199786696127367
PXC,0.0,0.0,
PXI,-59.5842956120092,-0.6566523605150213,-0.8769597057543639
PXL,25.13118706566417,-0.36711366538952755,0.43148339422628684
PXM,13.833333333333275,-0.42857142857142894,0.4218218200844966
PXS,-26.53433721195533,-0.546082494572726,-0.2612236737750116
PXT,-55.29773553256927,-0.6728952340961584,-0.7917462634305245
QBS,20.16666666666671,-0.2500000000000004,0.38011052046697547
QCC,84.62232413939141,-0.46853146853146854,0.7240866262908852
QCG,11.646586345381603,-0.6817927170868346,0.3098757367243199
QHD,4.763183724393705,-0.17260273972602744,0.1911309172229305
QHW,41.593812661494226,-0.3512304250559286,0.5232032667258849
QNC,-19.763490553214513,-0.36539833531510124,-0.06923365534447533
QNS,17.274699173368056,-0.13540495483270734,0.6198325641404234
QNU,0.0,0.0,
QNW,170.3203221142929,-0.3529411764705882,0.9661897960085803
QPH,73.59610229794723,-0.13666666666666683,0.9097755626196958
QSP,37.21459316560407,-0.21728813559321972,0.5000643140940811
QST,107.16510651320372,-0.4545454545454544,0.9209628168637215
QTC,62.146339951525206,-0.2206896551724137,0.6411242746064025
RAL,-8.60109567520383,-0.362576839392168,-0.08461281406915303
RAT,-22.511480408480733,-0.2735451288295069,-0.5827144062422017
RBC,43.18181818181797,-0.45555555555555566,0.6183056126146964
RCC,39.12666666666653,-0.43769443779699846,0.5317134900126222
RCD,5.555555555555558,-0.5517241379310344,0.2848725564609893
RCL,18.015584800941497,-0.20000000000000026,0.3806787964779026
RDP,-86.92152917505031,-0.878301886792453,-2.0972437285107346
REE,53.13985960878185,-0.18666666666666698,0.8855078776288121
RIC,78.93611968653514,-0.48796722990271363,0.7289195420203604
RTB,87.69584151866749,-0.3730792280954094,0.7474507858128888
S12,1.1333333333333417,-0.5403030303030304,0.17211548133866442
S27,2.220446049250313e-14,-0.12499999999999993,0.055846362486538986
S4A,28.821850483750744,-0.1813953488372095,0.521042614663877
S55,34.44622147729326,-0.2582025677603426,0.5197110818333934
S74,64.6464646464646,-0.3723404255319149,0.6164876961807577
S96,-18.5336048879837,-0.1999999999999999,-0.5584403152874304
S99,7.822610129388918,-0.5444944042295626,0.24564935904809565
SAB,-16.350668867019426,-0.32794282240821504,-0.2977137061317001
SAC,107.71375237107148,-0.5152299780630776,0.8607141847056654
SAF,11.515966833286328,-0.26666666666666794,0.2907505854990389
SAM,38.582677165354326,-0.2518703241895262,0.6203517118795806
SAP,40.624999999999844,-0.647814910025707,0.5501336944539903
SAS,62.16694804746681,-0.3846494091727954,0.7104166951463156
SAV,36.363509015896575,-0.3904382470119523,0.5727274245224975
SB1,6.575868447674105,-0.25200000000000006,0.31288068599820584
SBA,31.30567921174332,-0.15652173913043368,0.7303733859186362
SBD,19.013698630136886,-0.5456338669296715,0.38430677612138575
SBL,-17.596893760493295,-0.3783228782806827,0.21995097147211554
SBS,-4.534423297994705,-0.5481426264132196,0.09825286024826484
SBT,99.62763335329576,-0.22101449275362336,1.4384093354378071
SBV,-5.4155908041998435,-0.2718501831751874,0.054535715945304666
SC5,-8.452391840207941,-0.31372549019607854,0.09472660884253489
SCC,-21.568627450980337,-0.6056900424257549,0.05358526524920374
SCD,-18.69999999999997,-0.3473053892215565,0.04455095701200861
SCI,-27.668339610296766,-0.5068295882520237,-0.25843657316254415
SCJ,-2.6888604353392576,-0.3549098196392786,0.14910089951095773
SCL,42.977855337123685,-0.3729702722957787,0.6255400060902901
SCO,0.0,0.0,
SCR,25.348189415041844,-0.3662499999999995,0.45643218120343115
SD1,0.0,0.0,
SD2,-6.666666666666698,-0.46954756380510426,0.22702748052973706
SD3,36.17021276595753,-0.47199429183018204,0.5157216549012549
SD4,-33.10040456050025,-0.54468085106383,-0.0452226046670042
SD5,49.53890506596128,-0.23350966209651344,0.7994978468447569
SD6,-33.66666666666678,-0.4198473282442749,-0.2760266851335861
SD7,-30.00000000000008,-0.39842342342342374,-0.0831613909710488
SD8,0.0,0.0,
SD9,57.87447054293382,-0.1353383458646623,0.9157122507482066
SDA,-50.724637681159535,-0.6533333333333338,-0.5057498106334779
SDB,0.0,0.0,
SDC,12.645614733253252,-0.3333333333333335,0.3159378227195956
SDD,-42.51308900523565,-0.5563528915154076,-0.417003395202165
SDG,-7.10041164127948,-0.49454545454545445,0.1606818964818449
SDK,-21.14355508134733,-0.5473404255319152,0.0509392643887037
SDN,7.796745966090168,-0.38198203608350345,0.2645799782998546
SDP,5.555555555555669,-0.34533551554828124,0.21997358359088048
SDT,22.70731707317024,-0.3653037829575856,0.4142307124388372
SDU,-0.5291005291004236,-0.3055555555555556,0.15176680633873516
SDV,46.72226871401597,-0.25484351713859943,0.5404838323635699
SDX,0.0,0.0,
SDY,-21.42857142857143,-0.6153846153846152,-0.010949184618986292
SEA,106.88841886905176,-0.4877064717032223,0.769924310778355
SEB,29.388534283724187,-0.1627056672760509,0.478415773054256
SED,64.69385358750488,-0.1836734693877548,0.9978935955720522
SEP,-29.28931323637358,-0.5065021884184103,0.08148835354121889
SFC,19.910271926221746,-0.26730769230769236,0.37489495657281335
SFG,36.51207833532473,-0.3896103896103895,0.5343655941406555
SFI,-1.4093685738417183,-0.3018560711605337,0.08446553296112905
SFN,4.2501745225395515,-0.42909090909090924,0.3000802859880229
SGC,66.20948088500462,-0.3448965977318208,0.6636848629243929
SGD,165.04065040650406,-0.37179487179487175,1.1098283722959987
SGH,13.191756706181557,-0.47439866658984825,0.32290730856945854
SGN,-6.169364297442925,-0.3829578844270324,-0.026072754816332325
SGP,57.08434801859627,-0.5394710874284591,0.6382939071346954
SGR,51.724137931034456,-0.5096446700507619,0.6184000495378125
SGS,4.093567251461905,-0.351351351351352,0.2565014303580396
SGT,53.38983050847463,-0.2646370023419208,0.7518469084820779
SHA,-2.9345372460499175,-0.14977973568282038,0.023052162480335762
SHB,127.12185024269314,-0.14615393069305704,1.5028158481357345
SHC,13.851588602072852,-0.5920000000000001,0.47472004360635434
SHG,-51.1020408163265,-0.639795918367347,-0.4842237299161678
SHI,6.135061414295051,-0.1529411764705886,0.21750105925149618
SHN,-14.925373134328556,-0.2933333333333349,0.053944081218273494
SHP,42.15386342414327,-0.06593406593406609,1.122644818584096
SHS,78.01947240393352,-0.47169811320754707,0.8518585488417085
SID,65.20943472956506,-0.31792998477929924,0.6252040275648841
SII,20.80536912751676,-0.4846153846153846,0.4353598596086647
SJ1,38.66900876033987,-0.46622203512479043,0.500253287913417
SJC,-72.10884353741496,-0.7474693302942951,-1.5923653022506643
SJD,15.050192958780206,-0.10228788345131853,0.5690901486274288
SJE,27.205916513098096,-0.3736654804270462,0.43637754961083447
SJF,0.0,0.0,
SJM,-12.370967741935601,-0.5453153153153155,0.32955144917429197
SJS,194.27788048477694,-0.25555555555555504,1.4724292854122856
SKG,-11.803831240582262,-0.4299226978524944,-0.11296541588002201
SLS,35.47926758617679,-0.12971698113207572,0.8070727365472464
SMA,11.634789637684051,-0.46249999999999986,0.30279713873293246
SMB,27.257594479301606,-0.1097503532736693,0.7876818727408682
SMC,25.99999999999958,-0.717821782178218,0.41866987931245864
SMN,7.396833989555196,-0.16848131996838825,0.2393544688142175
SMT,165.51433445513118,-0.3333333333333333,0.9760639657736551
SNC,26.839745089956367,-0.27228463187698354,0.4412874096594048
SP2,35.8024691358025,-0.14021164021164026,0.55751191251301
SPB,-6.250000000000044,-0.5944881889763779,0.2521420677024932
SPC,-24.218750000000043,-0.4044117647058827,-0.07615037904177101
SPD,0.0,0.0,
SPH,0.0,0.0,
SPI,-56.09756097560982,-0.7090909090909092,-0.49485855871813483
SPM,-14.708370861650199,-0.23188405797101508,0.01495106964766644
SPV,30.58000977633708,-0.49800838279946436,0.5410429671473798
SQC,-1.6949152542372725,-0.6994818652849741,0.2987410470094179
SRA,-13.888888888888962,-0.5652173913043477,0.050903677705143535
SRB,-3.7885874649205786,-0.4899828277046366,0.22841613594563884
SRC,49.34681676220873,-0.418927115005547,0.5705769538294004
SRF,5.882352941176272,-0.2579710144927538,0.22328162932784795
SSC,16.709377990538556,-0.20263157894736827,0.3485723263591845
SSF,0.0,0.0,
SSG,105.97430110344952,-0.4422395271149448,0.8017103098937272
SSI,57.13387806411036,-0.3260133805974643,0.8522070334739019
SSM,-12.068965517241303,-0.45121951219512185,0.0403867481453279
SSN,-7.692307692307732,-0.4121105232216342,0.069950151940553
ST8,-70.95652173913042,-0.7365217391304346,-1.1708455984130433
STB,88.4745762711866,-0.17250000000000024,1.1906999170482762
STC,2.5568286508319105,-0.21214376190679446,0.17197686065718176
STG,-24.898373983739887,-0.37737642585551373,-0.0407204578487669
STK,-7.608695652174047,-0.46296296296296285,0.014037496288052493
STL,0.0,0.0,
STP,33.469084477451446,-0.21428571428571377,0.4681444963092167
STS,0.0,0.0,
STT,-1.3322676295501878e-13,-0.5718363463368225,0.18913994115500482
SVC,-21.87070523271378,-0.4699982192293503,-0.09011080552164866
SVG,31.96000000000008,-0.5000000000000001,0.5159723450996704
SVI,6.538341138088577,-0.2817048693003321,0.22924952138455248
SVN,8.108108108108159,-0.5,0.30680439794631775
SVT,41.33968274677362,-0.13257575757575749,0.7012178891439858
SWC,47.16841396645523,-0.27056202878684044,0.6882922957169635
SZC,11.64321090063687,-0.393939393939394,0.2900666993664652
SZE,14.003910971795253,-0.1834532374100718,0.3188793861576238
SZL,40.71579113668711,-0.2307692307692306,0.8142879174557996
TA9,40.579295440707774,-0.2982456140350881,0.5990902412801667
TAW,152.4228936521609,-0.3924731182795699,0.9272217822650085
TB8,0.0,0.0,
TBC,3.8528091944226794,-0.13200723327305533,0.16920438238800814
TBD,26.341913742247392,-0.4768344627299128,0.47125812660066796
TBX,5.263157894736836,0.0,0.6174467949786037
TCH,91.87719859290083,-0.36320754716981113,0.9448621766658385
TCL,3.666993909563443,-0.2516703786191535,0.1654633644511356
TCM,-12.410310137913616,-0.47694237824140506,-0.10567327373717453
TCO,70.31591042991268,-0.2720588235294118,0.7919752001042322
TCR,-7.812500000000123,-0.2814070351758802,0.11557031188894913
TCT,-8.512208788025344,-0.42018684946367363,-0.04158087986956825
TDC,46.41203703703734,-0.2959409594095939,0.6814414397761884
TDH,95.79831932773133,-0.28189910979228455,0.9903576744650727
TDM,54.08294220521606,-0.09356725146198852,0.8845658672718683
TDS,18.47581998820498,-0.7168256159749016,0.3669674116675984
TDW,27.439595365056203,-0.23529411764705888,0.4341203053291255
TEG,-28.941176470588402,-0.5288461538461544,-0.37326537631801004
TET,7.273384517315384,-0.11146496815286625,0.30381801433489347
TFC,1051.668345461294,-0.3534591194968553,2.10598288271403
TGP,46.80851063829776,-0.3451923076923077,0.5475807603915295
TH1,-37.10204081632655,-0.37102040816326554,-0.42774215034597235
THB,25.594351571765905,-0.3356643356643355,0.42663323195816977
THG,101.75462680854035,-0.25487256371814093,1.3900831842365684
THS,14.901462518373055,-0.5113636363636364,0.3305558736262485
THT,-31.881700153377146,-0.3464208571451337,-0.6814004159721242
THW,71.49143713512527,-0.3678160919540229,0.6386513803826465
TIE,-34.70972295747325,-0.770936411947957,0.0979128524320613
TIG,0.26448408082264674,-0.6369047619047618,0.19011101093451
TIP,-6.7068049839051564,-0.37873172783289505,0.021225790881538826
TIS,15.806951516493228,-0.30952061232711126,0.33079366061684407
TIX,26.333790115651333,-0.17500000000000007,0.4379965438129967
TJC,28.273258690513224,-0.3947368421052633,0.4348241699098224
TKC,0.0,0.0,
TKU,28.15533980582532,-0.30939226519337004,0.4518031578445144
TL4,33.565789473684134,-0.4050632911392407,0.48438376107102016
TLG,31.16292839659367,-0.39676966292134874,0.5528705247864583
TLH,-29.889298892988947,-0.5213483146067415,-0.3481940420840433
TLT,55.62819006065398,-0.6312214012605524,0.6141237727048783
TMB,60.71301642398941,-0.35789473684210515,0.7435908479098229
TMC,2.163532920932143,-0.2577319587628869,0.16457698499728066
TMG,46.8399413215848,-0.3961491302254173,0.5384407292014849
TMP,20.879601691315706,-0.16308478816852387,0.41392824759833324
TMS,-1.8531010827182226,-0.3105341511814511,0.11328855338029484
TMT,1.7021276595746926,-0.5583617747440275,0.20462684847226867
TMW,782.5286162845598,-0.5,1.7408826455384268
TMX,-16.950201592457947,-0.4159999999999998,0.1343598497658447
TNA,-34.513274336283104,-0.4298921417565482,-0.9028312708067849
TNB,2.9999999999998916,-0.5987261146496816,0.4541783393876651
TNC,-41.661875299672744,-0.5740004252179245,-0.20125376042086898
TNG,22.002770184778832,-0.4668600351004913,0.40503243900103214
TNM,10.81081081081081,-0.10966340933767647,0.37432023218312405
TNP,29.089916091554578,-0.35000000000000014,0.4426491889192239
TNS,70.86648983200716,-0.4218750000000001,0.6980624303348645
TNT,53.84615384615425,-0.36893203883495096,0.6809684842598032
TOP,-24.623115577889475,-0.47058823529411786,-0.11958597834611298
TOT,33.437750484035924,-0.1709844559585491,0.5355783667990119
TPC,78.08219178082174,-0.33333333333333365,0.7578545487826838
TPP,22.222222222222342,-0.24590163934426224,0.38984827215364115
TPS,228.38942250240996,-0.27209259259259244,1.0220062980035085
TQN,0.0,0.0,
TRA,-3.1601900233417357,-0.20144740063913216,0.01811476255620044
TRC,141.3311124335647,-0.3237986270022886,1.2977085427160764
TRS,61.99752711343693,-0.55297157622739,0.6273734065751297
TS4,0.0,0.0,
TSB,-28.754478259326767,-0.43103461775506524,-0.31803701746372076
TSC,-11.74863387978159,-0.4010282776349624,-0.08360939843493857
TST,302.34615384615404,-0.44462593923554383,1.3213546551274584
TTB,0.0,0.0,
TTC,-47.19661328371001,-0.5385263383994754,-0.42988489262135127
TTD,12.130576225078137,-0.3581515107741894,0.34018004911051763
TTF,-26.588235294117723,-0.5282258064516128,-0.3758059433186409
TTG,-2.7272727272727337,-0.6013253012048194,0.3602934120583706
TTH,-41.66666666666665,-0.6249999999999996,-0.24633111946067332
TTZ,0.0,0.0,
TUG,62.51725369154262,-0.286486486486487,0.6215489989951524
TV1,43.05165742267412,-0.2914981168921748,0.6337104629149917
TV2,-12.117379493741842,-0.48587570621468873,-0.009015540368850277
TV3,72.85371526803377,-0.2002260694310414,0.8242846533699378
TV4,45.37772632917416,-0.1258278145695366,0.8444785179676738
TVB,87.2759856630824,-0.3802083333333329,1.0285567094678736
TVC,28.735632183908134,-0.4152542372881347,0.47903305412978514
TVD,-16.505289481755327,-0.292617330026555,-0.2068802960033955
TVG,0.0,0.0,
TVM,48.52570959967917,-0.1358290590109098,0.9172797040629151
TVN,29.617330803288944,-0.5311508267913814,0.4546846669343394
TVS,19.834095776688887,-0.45772058823529604,0.3931298230268321
TW3,78.10371922472501,-0.5214521452145213,0.6621728420337244
TXM,32.4324324324325,-0.7291666666666665,0.47848748742822994
TYA,87.86643619237864,-0.3116147308781869,1.062933949308683
UCT,27.11864406779645,-0.3338571428571433,0.4214260043223153
UDC,2.061855670103019,-0.29758342922899883,0.2473003113310621
UDJ,-10.825718859603706,-0.2547855511891721,-0.1902170375527993
UEM,88.75012431316149,-0.5655465470656366,0.7261801228340753
UIC,46.11872146118714,-0.3462282398452609,0.6837483217297942
UNI,44.594594594594675,-0.4953271028037378,0.5535078507361116
UPC,0.0,0.0,
UPH,13.924050632911555,-0.5187500000000003,0.4165825092213788
USC,2.0661235858595806,-0.5053502193189833,0.3714061861317202
V12,0.08549676333675649,-0.22857142857142854,0.1685584342344888
V15,-20.000000000000018,-0.3333333333333333,-0.33829509121010953
V21,-10.526315789473607,-0.3372093023255818,0.018566592838079658
VAF,66.53521113360705,-0.28019323671497587,0.6818597033664285
VBC,40.177677077363725,-0.17272727272727273,0.603489751631658
VBH,-48.09160305343507,-0.6719576719576716,-0.16561691957526506
VC1,43.02325581395357,-0.30344827586206896,0.5324743628738783
VC2,-15.094339622641328,-0.4576271186440669,-0.0031663867588021593
VC3,48.23792491097583,-0.11073825503355689,1.1166920249582977
VC5,-12.500000000000068,-0.45454545454545503,0.07107113440246497
VC6,187.26422195782163,-0.448019801980198,0.9553302544757285
VC7,-9.420289855072529,-0.5496688741721856,0.105807861574638
VC9,-25.92592592592612,-0.3666666666666679,-0.08557755335035735
VCA,9.561304836895212,-0.5000000000000008,0.270711978944646
VCB,18.152575967283745,-0.21991084695393723,0.4761223228768451
VCC,-14.168202296788701,-0.4955609362389019,0.06511095166755557
VCE,0.0,0.0,
VCF,85.6247838494676,-0.20034409766609643,1.003821346248726
VCG,27.336962291080646,-0.2894731768542445,0.5127474406516336
VCM,6.382978723404054,-0.49218750000000017,0.34937913931482695
VCP,20.488977592307123,-0.20796180579933976,0.40973580291363493
VCR,91.51846785225707,-0.1908270676691733,0.8550333652215022
VCS,-2.677860950545352,-0.5015047080387849,0.09266606658524865
VCT,0.0,0.0,
VCW,49.090909090909186,-0.21508379888268134,0.5894990061849508
VCX,61.36363636363627,-0.6666666666666669,0.6045916271321421
VDL,8.695652173912993,-0.5371428571428573,0.2528096884434838
VDN,30.469435290708937,-0.4012334590743069,0.510565791718254
VDS,68.30145775532068,-0.45284787519150294,0.7535144356524719
VDT,-19.544607151641593,-0.5645021952402931,0.19599115137502796
VE1,-5.405405405405983,-0.37735849056603815,0.24035050731315719
VE2,0.0,0.0,
VE3,-15.000000000000002,-0.556291390728477,0.24217650357969145
VE4,0.0,0.0,
VE8,-46.51162790697684,-0.7272727272727274,-0.1480049675693629
VE9,116.94431223226994,-0.6082698585418935,0.7968226197244879
VEF,57.09677644015703,-0.3583621703064725,0.6686423129418887
VES,211.9999999999999,-0.5599999999999998,0.9908000970316856
VFC,36.11631302287368,-0.47016460905349794,0.5314567135902948
VFG,83.72024876223985,-0.33349477570988384,0.9880466581382972
VFR,13.561708118254412,-0.4064665127020781,0.3593377883106604
VGC,23.690502840420802,-0.3697434193646461,0.420583235117612
VGG,44.1411037903477,-0.3362094614698005,0.7006223878470051
VGL,15.10856250887258,-0.10042828510492123,0.4496919378934697
VGP,-10.897772967984686,-0.2937685459940652,-0.007031179840545802
VGS,69.01931963050968,-0.5265281610255639,0.7003961279866706
VGT,5.878848945877557,-0.553443510632297,0.22478014508219749
VHC,1.940447645853971,-0.4327550935999476,0.15942838103759038
VHF,1.6166426173945592,-0.6243654822335026,0.2544892528843939
VHG,-11.11111111111115,-0.5503144654088047,0.07211167439544114
VHH,10.712148414123268,-0.5498328775448192,0.4915870570773798
VHL,-25.7142857142856,-0.42948717948717896,0.03861977812464695
VIB,69.36948907881654,-0.19668246445497667,1.151858207364358
VIC,194.2660550458728,-0.1773195876288632,1.6395722642131276
VID,11.025999720703638,-0.18181818181818166,0.2909563484440013
VIE,15.714285714285747,-0.5015189873417722,0.4097626107439872
VIF,-15.477435100596427,-0.28837209302325606,-0.054823013505830236
VIG,2.564102564102555,-0.3999999999999989,0.19375862524908202
VIM,-44.010523513250945,-0.6080299181484619,-0.0929504939246024
VIN,-3.0002266004064304,-0.4404380414785539,0.21517980479318588
VIP,38.02989344097709,-0.27190332326283967,0.586259909155561
VIR,-17.948717948717952,-0.28205128205128205,-0.4710602093412037
VIT,22.782002534854072,-0.24867724867724866,0.39525260840215876
VIX,176.4605932992579,-0.4618374915912112,1.3681369302071165
VJC,37.357414448669246,-0.33417508417508457,0.6466060701620523
VKC,11.250000000000092,-0.6470588235294116,0.3033833598624931
VKP,0.0,0.0,
VLA,-62.230215827338085,-0.6834532374100717,-0.3510472279915108
VLB,41.856661662512074,-0.20717577637076354,0.7391273556977429
VLC,6.174985697690438,-0.4003423881529378,0.2133789794158906
VLF,-24.67043314500942,-0.3846153846153846,-0.08924861675483403
VLG,144.9378799894271,-0.4401477297414726,0.9496852829085868
VMA,0.0,0.0,
VMC,-12.262782134083494,-0.4380952380952385,0.033071044781004526
VMD,16.16126257568793,-0.20266955120910427,0.3725543808578181
VMG,26.176470588235333,-0.5094827586206896,0.47764884796217066
VMS,21.39604997977782,-0.5131429031904251,0.4387592106855366
VNA,84.05108595711243,-0.36610930870975783,0.7476488464585214
VNB,82.76501493767347,-0.31489897224358526,0.8908072177805415
VNC,39.74579245144676,-0.3771929824561404,0.5209136215294454
VND,49.87045106454886,-0.4550175230439351,0.6800832594137375
VNE,21.893491124260112,-0.5888501742160283,0.4070165324714867
VNF,128.11198338902435,-0.38421052631578895,1.0941935521748158
VNG,-6.633906633906584,-0.26500000000000035,0.05148208548682216
VNH,-33.83084577114427,-0.7407983411093834,-0.0726410048165961
VNI,-8.36180904522612,-0.5207567567567569,0.14735437969971643
VNL,76.55263376628068,-0.24450208783799943,1.1799243938257522
VNM,-3.4286913270129005,-0.2864348892431019,-0.004955960354383314
VNP,8.425486185738396,-0.33594141211817763,0.2523880225382472
VNR,14.335636590761336,-0.18076923076923052,0.42433188938417976
VNS,6.062571466879052,-0.10185185185185214,0.2693484350404531
VNT,-25.141776937618012,-0.6303030303030297,0.07883511754799934
VNX,94.53206109922199,-0.003388479170819169,0.8674778999111229
VNY,39.130434782608404,-0.3717948717948724,0.5811342762733536
VOC,-33.232145636496824,-0.3763246134932978,-0.45577952287373596
VOS,34.22222222222202,-0.4863013698630143,0.4951450258995503
VPA,-43.58974358974359,-0.4871794871794872,-0.44089852452620604
VPC,-5.882352941176472,-0.5151515151515151,0.07742829002622517
VPD,22.631706769753013,-0.13749999999999976,0.5092466823369063
VPH,-21.724049551938208,-0.44893780557776347,-0.27013890825220266
VPL,0.0,0.0,
VPR,-11.059176513697466,-0.3197707138743288,0.11656442091203614
VPS,23.08378565204583,-0.25199882536111795,0.41829388636341824
VQC,25.321766769224,-0.22803793890069432,0.43879541521327037
VRC,91.32653061224461,-0.43181818181818243,0.8133693913995069
VRG,4.8247809165154365,-0.5734331770122226,0.21385309840421304
VSA,22.961008473570786,-0.382510219455867,0.4401777126361476
VSC,120.60209348992905,-0.36722468830712884,1.0652483893320728
VSG,-4.2222222222222605,-0.34782608695652184,0.13005501909996767
VSH,7.135970439272876,-0.14965986394557806,0.25176339835704536
VSI,42.86026117178887,-0.170731707317073,0.58028074911623
VSN,-15.702574164750406,-0.45044146664766394,0.058173224712810424
VST,12.838709677419313,-0.31224999999999975,0.3025007930452863
VTA,-35.03131524008353,-0.5684430512016718,0.16903833318995362
VTB,17.508813160987113,-0.32657342657342675,0.36557501286252664
VTC,9.360665582184357,-0.49022098192177915,0.31730921513445975
VTG,-26.966292134831438,-0.6140350877192983,-0.02632321247766843
VTH,7.5949367088605335,-0.4017094017094022,0.3001976278787521
VTI,0.0,0.0,
VTJ,25.806451612903224,-0.32,0.42068880675972153
VTL,-53.36734693877554,-0.693877551020408,-0.09166009284524129
VTM,0.0,0.0,
VTO,44.26722836799901,-0.3806818181818183,0.6272187253296397
VTS,-19.67213114754096,-0.5793991416309011,0.10043972449078864
VTV,219.1380718954244,-0.41643323996265225,1.2777149538174033
VTX,34.999999999999964,-0.4,0.5149413510065042
VWS,3.422435722725825,-0.385593220338983,0.23472856976813927
VXB,-8.536585365853643,-0.5719777158774373,0.061502176022711595
WCS,117.15830976796772,-0.3031818181818181,0.8996319029539183
WSB,51.27257784954771,-0.25160103054839883,0.5828623700486013
WSS,31.746031746031413,-0.43939393939394067,0.48622880323781553
WTC,-9.504398873133034,-0.3120057046544798,0.021575438246120817
X77,0.0,0.0,
XHC,-36.53516753379669,-0.5119760479041914,0.20577236420125472
XMC,4.0748125122648915,-0.3365486413363134,0.20279869758495137
XMD,-24.500000000000043,-0.5543478260869568,0.16866849071464748
XPH,175.24074074074045,-0.39024390243902435,0.877910880362268
YBC,16.989130434782453,-0.581194271818428,0.4588357622991027
